route_1,route_2,shared_stop_count
697,806,347
975,985,187
697,858,165
806,858,163
727,858,160
975,987,160
985,987,159
697,795,157
795,806,157
981,982,141
975,983,124
983,985,124
983,987,124
760,906,122
835,936,114
697,796,113
981,984,109
982,984,109
986,987,106
602,660,105
602,800,105
675,975,103
721,763,102
321,983,101
803,806,101
675,985,99
909,981,99
909,982,99
909,984,99
660,800,98
321,82,97
761,978,96
721,786,94
8,82,94
721,785,93
763,786,93
763,785,92
701,722,90
8,975,90
8,983,90
8,985,90
8,987,90
321,975,89
321,985,89
321,987,89
701,712,89
785,786,89
829,989,88
729,792,87
611,796,86
986,989,86
727,795,84
761,981,83
796,803,83
909,983,82
321,8,81
82,909,81
82,975,81
82,981,81
82,982,81
82,983,81
82,984,81
82,985,81
82,987,81
909,975,81
909,985,81
909,987,81
975,981,81
975,982,81
975,984,81
978,981,81
981,983,81
981,985,81
981,987,81
982,983,81
982,985,81
982,987,81
983,984,81
984,985,81
984,987,81
8,909,80
8,981,80
8,982,80
8,984,80
609,803,77
611,803,77
727,798,77
750,757,77
776,986,76
776,987,76
724,782,75
780,798,75
321,909,74
321,981,74
321,982,74
321,984,74
609,806,73
675,987,72
611,616,71
616,796,71
616,803,71
754,755,71
836,936,71
727,780,69
835,837,69
837,936,69
611,697,68
691,910,68
152,910,67
652,653,67
985,991,67
987,989,67
609,611,66
609,796,66
721,784,66
761,976,66
763,784,66
784,786,66
795,858,66
599,699,65
285,875,64
609,616,64
697,803,64
784,785,64
796,806,64
284,285,63
661,745,63
780,781,63
781,798,63
602,608,62
608,660,62
609,697,62
732,991,61
135,742,60
651,653,60
712,722,60
732,985,60
152,691,59
476,676,59
611,806,59
651,652,58
729,775,58
616,697,57
616,806,57
657,756,57
660,661,57
660,745,57
712,858,57
727,781,57
979,989,57
719,786,56
775,792,56
104,285,55
608,800,55
675,991,55
701,858,55
713,795,55
719,721,55
719,763,55
719,784,55
727,787,55
787,858,55
975,991,55
125,426,54
577,77,54
789,799,54
798,858,54
284,875,53
502,662,53
719,785,53
770,780,53
770,781,53
770,798,53
831,832,53
125,326,52
229,529,52
727,788,52
788,858,52
835,842,52
648,748,51
697,712,51
712,806,51
729,794,51
792,794,51
477,77,50
503,513,50
503,599,50
513,599,50
560,60,50
713,719,50
713,721,50
713,763,50
713,784,50
713,786,50
729,776,50
767,967,50
775,776,50
775,794,50
776,792,50
776,794,50
249,568,49
713,785,49
719,795,49
721,795,49
737,978,49
763,795,49
784,795,49
785,795,49
786,795,49
831,833,49
832,833,49
551,950,48
608,820,48
675,732,48
697,701,48
701,806,48
712,713,48
732,975,48
737,882,48
766,988,48
820,827,48
882,978,48
117,60,47
171,417,47
508,887,47
712,795,47
727,770,47
727,793,47
787,793,47
787,795,47
793,858,47
962,984,47
979,986,47
121,200,46
697,801,46
780,858,46
796,801,46
342,816,45
465,471,45
477,577,45
698,748,45
712,719,45
775,778,45
842,936,45
128,428,44
168,249,44
197,77,44
321,9,44
503,699,44
513,699,44
697,727,44
712,721,44
712,763,44
712,784,44
712,786,44
749,826,44
776,778,44
835,849,44
837,849,44
849,936,44
152,887,43
168,568,43
502,598,43
658,748,43
712,785,43
882,982,43
152,508,42
285,374,42
295,820,42
508,808,42
645,646,42
727,806,42
737,760,42
737,906,42
778,986,42
778,987,42
782,795,42
789,829,42
799,804,42
828,889,42
104,866,41
374,874,41
470,490,41
5,6,41
760,761,41
761,906,41
799,829,41
853,920,41
9,962,41
200,508,40
428,827,40
5,7,40
557,598,40
6,7,40
609,621,40
618,796,40
618,803,40
645,835,40
701,709,40
104,940,39
128,749,39
329,429,39
508,910,39
597,599,39
597,699,39
602,912,39
608,912,39
616,618,39
621,796,39
621,803,39
646,835,39
660,912,39
662,699,39
697,705,39
705,806,39
705,858,39
748,749,39
753,759,39
793,795,39
800,912,39
82,9,39
887,910,39
18,579,38
214,249,38
335,477,38
353,818,38
470,940,38
515,930,38
53,57,38
559,598,38
577,78,38
602,920,38
608,827,38
608,920,38
611,618,38
616,621,38
640,642,38
645,842,38
646,842,38
657,750,38
657,757,38
660,920,38
747,759,38
776,989,38
780,782,38
788,793,38
800,920,38
102,502,37
214,515,37
342,443,37
490,515,37
5,82,37
522,877,37
611,621,37
675,983,37
722,858,37
747,753,37
769,949,37
770,782,37
781,782,37
782,786,37
782,798,37
849,935,37
104,875,36
117,367,36
121,821,36
214,930,36
240,426,36
240,434,36
247,447,36
321,5,36
367,60,36
426,434,36
443,816,36
470,515,36
5,8,36
5,909,36
5,975,36
5,981,36
5,982,36
5,983,36
5,984,36
5,985,36
5,987,36
598,662,36
648,658,36
712,724,36
713,724,36
719,724,36
719,782,36
721,724,36
724,763,36
724,784,36
724,786,36
750,756,36
770,786,36
780,786,36
781,786,36
786,798,36
801,803,36
801,806,36
912,920,36
962,981,36
962,982,36
117,317,35
117,64,35
121,777,35
193,524,35
200,887,35
229,429,35
295,608,35
428,749,35
472,871,35
6,82,35
60,64,35
621,697,35
621,806,35
697,787,35
7,82,35
701,719,35
701,786,35
712,782,35
713,782,35
719,770,35
719,780,35
719,781,35
719,798,35
721,782,35
724,770,35
724,780,35
724,781,35
724,785,35
724,795,35
724,798,35
763,782,35
782,784,35
787,788,35
193,522,34
196,477,34
321,6,34
321,7,34
367,368,34
367,64,34
428,820,34
510,910,34
54,555,34
584,585,34
6,8,34
6,909,34
6,975,34
6,981,34
6,982,34
6,983,34
6,984,34
6,985,34
6,987,34
668,768,34
7,8,34
7,909,34
7,975,34
7,981,34
7,982,34
7,983,34
7,984,34
7,985,34
7,987,34
701,713,34
701,721,34
701,763,34
701,784,34
712,770,34
712,780,34
712,781,34
712,798,34
713,770,34
713,780,34
713,781,34
713,798,34
721,770,34
721,780,34
721,781,34
721,798,34
737,761,34
737,961,34
750,850,34
757,850,34
760,978,34
763,770,34
763,780,34
763,781,34
763,798,34
770,784,34
780,784,34
781,784,34
781,858,34
782,785,34
784,798,34
882,961,34
906,978,34
961,978,34
104,470,33
105,171,33
121,920,33
135,137,33
137,742,33
152,353,33
152,510,33
268,358,33
321,551,33
346,446,33
353,510,33
353,691,33
353,910,33
472,72,33
472,878,33
480,551,33
510,691,33
522,823,33
523,524,33
551,82,33
551,909,33
551,975,33
551,981,33
551,982,33
551,983,33
551,984,33
551,985,33
551,987,33
602,749,33
648,749,33
660,666,33
661,666,33
666,745,33
679,790,33
681,950,33
701,785,33
701,795,33
72,871,33
728,828,33
749,800,33
760,882,33
761,882,33
770,785,33
770,795,33
780,785,33
780,795,33
781,785,33
781,795,33
785,798,33
787,806,33
795,798,33
882,906,33
102,662,32
137,78,32
147,434,32
171,676,32
23,823,32
304,490,32
321,762,32
551,8,32
560,67,32
60,67,32
618,621,32
658,749,32
691,887,32
695,827,32
77,78,32
788,795,32
8,9,32
883,982,32
104,284,31
123,342,31
126,326,31
147,240,31
147,426,31
148,426,31
171,476,31
176,177,31
18,575,31
200,539,31
304,470,31
304,515,31
346,810,31
359,599,31
359,699,31
364,560,31
508,691,31
575,579,31
609,618,31
645,936,31
646,936,31
697,722,31
713,722,31
722,806,31
727,782,31
738,984,31
762,962,31
769,772,31
104,374,30
147,148,30
148,240,30
148,258,30
148,434,30
200,910,30
214,662,30
214,699,30
249,662,30
249,699,30
305,971,30
322,326,30
335,77,30
442,816,30
502,599,30
517,522,30
619,750,30
619,757,30
619,850,30
684,984,30
722,795,30
727,786,30
728,889,30
762,9,30
804,829,30
966,988,30
102,504,29
117,302,29
123,816,29
147,847,29
152,200,29
16,520,29
200,691,29
224,823,29
240,577,29
302,60,29
302,64,29
304,536,29
326,430,29
329,529,29
330,543,29
423,442,29
426,430,29
426,577,29
426,78,29
428,602,29
428,660,29
428,800,29
434,577,29
501,502,29
535,912,29
568,570,29
661,746,29
719,727,29
724,727,29
743,770,29
745,746,29
9,983,29
930,963,29
102,501,28
125,240,28
125,322,28
125,434,28
125,577,28
135,197,28
140,240,28
147,577,28
147,77,28
147,78,28
148,78,28
157,27,28
196,197,28
197,742,28
214,963,28
240,77,28
240,78,28
259,59,28
302,367,28
426,77,28
428,446,28
428,595,28
434,77,28
434,78,28
442,446,28
446,810,28
446,820,28
446,827,28
480,950,28
491,828,28
502,504,28
515,963,28
522,671,28
532,847,28
595,820,28
595,827,28
701,783,28
712,727,28
713,727,28
719,722,28
721,727,28
727,763,28
727,784,28
727,785,28
979,987,28
987,991,28
104,490,27
117,57,27
125,147,27
125,77,27
125,78,27
140,147,27
140,148,27
140,426,27
140,434,27
148,577,27
148,77,27
193,224,27
196,77,27
197,477,27
206,515,27
206,536,27
222,853,27
224,522,27
27,556,27
302,57,27
304,476,27
304,676,27
367,57,27
418,466,27
465,476,27
491,891,27
501,504,27
523,877,27
535,602,27
535,608,27
535,660,27
535,800,27
535,920,27
565,566,27
57,60,27
57,64,27
660,749,27
684,962,27
697,793,27
707,799,27
709,712,27
721,722,27
722,763,27
722,783,27
722,784,27
722,786,27
751,777,27
760,982,27
761,982,27
906,982,27
125,140,26
125,148,26
126,222,26
126,853,26
126,920,26
136,741,26
137,197,26
140,577,26
140,77,26
140,78,26
156,27,26
197,577,26
222,326,26
222,920,26
224,23,26
233,484,26
258,741,26
258,847,26
267,358,26
321,962,26
322,426,26
326,853,26
326,920,26
359,503,26
359,513,26
428,608,26
430,741,26
490,940,26
502,557,26
510,650,26
515,676,26
517,877,26
557,662,26
602,827,26
618,697,26
618,806,26
640,675,26
640,975,26
640,985,26
640,990,26
641,979,26
641,991,26
642,675,26
642,975,26
642,985,26
642,990,26
660,827,26
675,990,26
707,804,26
722,785,26
727,791,26
732,987,26
734,961,26
741,847,26
744,750,26
774,798,26
787,791,26
791,793,26
791,858,26
800,827,26
866,869,26
962,983,26
975,979,26
975,990,26
979,991,26
985,990,26
119,54,25
119,555,25
200,821,25
23,523,25
23,680,25
23,877,25
268,367,25
268,468,25
285,874,25
326,426,25
335,577,25
364,564,25
476,490,25
480,969,25
490,676,25
502,699,25
503,597,25
513,597,25
551,969,25
560,564,25
640,641,25
640,979,25
640,991,25
641,642,25
641,675,25
641,975,25
641,985,25
641,990,25
642,979,25
642,991,25
643,644,25
675,979,25
676,805,25
737,982,25
777,821,25
789,804,25
793,806,25
882,883,25
975,986,25
978,982,25
979,985,25
979,990,25
990,991,25
128,848,24
136,240,24
157,879,24
193,23,24
193,680,24
200,777,24
206,470,24
206,490,24
214,330,24
267,560,24
267,60,24
267,67,24
330,515,24
330,963,24
335,434,24
358,468,24
365,566,24
430,435,24
442,443,24
470,476,24
470,676,24
476,515,24
476,805,24
5,551,24
515,536,24
640,986,24
641,989,24
642,986,24
668,988,24
675,986,24
714,722,24
732,733,24
734,737,24
734,882,24
734,978,24
768,988,24
770,858,24
975,989,24
985,986,24
986,990,24
989,991,24
105,484,23
125,335,23
125,477,23
147,335,23
152,539,23
156,157,23
171,484,23
193,877,23
197,258,23
197,741,23
197,847,23
240,335,23
240,477,23
328,963,23
330,930,23
335,426,23
344,445,23
426,477,23
434,477,23
443,446,23
465,470,23
470,471,23
470,536,23
490,536,23
501,662,23
504,662,23
539,691,23
539,887,23
539,910,23
565,585,23
602,748,23
640,989,23
641,986,23
642,989,23
652,936,23
660,746,23
675,989,23
748,800,23
760,981,23
770,783,23
906,981,23
950,969,23
985,989,23
986,991,23
989,990,23
102,503,22
102,513,22
102,599,22
104,515,22
123,443,22
128,602,22
128,660,22
128,800,22
135,258,22
135,741,22
135,847,22
136,258,22
136,487,22
136,847,22
136,920,22
137,258,22
137,537,22
137,741,22
137,847,22
147,477,22
171,465,22
18,19,22
20,520,22
206,304,22
214,328,22
249,570,22
258,532,22
258,742,22
305,5,22
305,6,22
305,7,22
305,82,22
311,945,22
328,330,22
328,515,22
335,78,22
358,67,22
435,741,22
446,595,22
471,476,22
472,515,22
477,78,22
484,74,22
487,920,22
5,971,22
501,503,22
501,513,22
501,599,22
502,503,22
502,513,22
503,504,22
504,513,22
504,599,22
508,539,22
515,539,22
522,588,22
537,78,22
54,59,22
551,6,22
551,7,22
564,64,22
588,823,22
6,971,22
641,732,22
668,767,22
668,967,22
7,971,22
701,714,22
707,829,22
712,783,22
713,783,22
719,783,22
721,783,22
729,799,22
729,804,22
732,734,22
732,961,22
732,979,22
732,989,22
741,742,22
742,847,22
763,783,22
767,768,22
768,967,22
775,799,22
775,804,22
776,799,22
776,804,22
783,784,22
783,786,22
788,791,22
792,799,22
792,804,22
794,799,22
794,804,22
799,808,22
82,971,22
874,875,22
910,950,22
945,946,22
104,465,21
104,471,21
104,869,21
111,317,21
111,966,21
111,988,21
126,135,21
126,136,21
126,137,21
126,197,21
126,258,21
126,487,21
126,741,21
126,742,21
126,847,21
128,826,21
135,136,21
135,222,21
135,326,21
135,487,21
135,577,21
135,853,21
135,920,21
136,137,21
136,197,21
136,222,21
136,326,21
136,430,21
136,742,21
136,853,21
137,222,21
137,326,21
137,487,21
137,853,21
137,920,21
140,335,21
140,477,21
148,335,21
148,477,21
152,828,21
17,517,21
17,522,21
17,877,21
171,471,21
19,523,21
19,524,21
196,577,21
197,222,21
197,326,21
197,487,21
197,853,21
197,920,21
202,204,21
202,206,21
204,206,21
222,258,21
222,487,21
222,741,21
222,742,21
222,847,21
229,430,21
249,515,21
249,930,21
258,326,21
258,487,21
258,853,21
258,920,21
268,368,21
285,940,21
305,321,21
305,8,21
305,909,21
305,975,21
305,981,21
305,982,21
305,983,21
305,984,21
305,985,21
305,987,21
317,966,21
317,988,21
321,971,21
326,487,21
326,741,21
326,742,21
326,847,21
328,930,21
367,505,21
374,940,21
428,826,21
430,529,21
471,676,21
472,490,21
476,536,21
487,741,21
487,742,21
487,847,21
487,853,21
5,950,21
515,940,21
524,877,21
536,676,21
543,662,21
550,556,21
566,585,21
577,742,21
6,950,21
640,732,21
642,732,21
648,848,21
648,868,21
653,936,21
668,766,21
691,828,21
7,950,21
707,789,21
707,808,21
710,722,21
715,722,21
732,986,21
732,990,21
737,981,21
741,853,21
741,920,21
742,853,21
742,920,21
766,767,21
766,768,21
766,967,21
767,988,21
783,785,21
783,795,21
8,971,21
804,808,21
823,877,21
828,879,21
828,910,21
847,853,21
847,920,21
853,912,21
9,975,21
9,985,21
9,987,21
909,971,21
967,988,21
971,975,21
971,981,21
971,982,21
971,983,21
971,984,21
971,985,21
971,987,21
102,543,20
105,233,20
105,417,20
121,290,20
121,330,20
121,543,20
16,523,20
16,524,20
171,233,20
193,671,20
200,202,20
200,204,20
200,206,20
200,290,20
200,330,20
200,543,20
204,697,20
204,806,20
204,858,20
206,353,20
214,54,20
224,680,20
229,329,20
229,428,20
229,443,20
229,446,20
229,820,20
229,827,20
233,353,20
233,818,20
249,54,20
290,330,20
290,543,20
295,827,20
303,304,20
304,940,20
311,946,20
321,950,20
353,472,20
353,515,20
358,560,20
358,60,20
365,565,20
41,42,20
42,46,20
423,595,20
428,429,20
428,443,20
428,920,20
429,443,20
429,446,20
429,529,20
429,820,20
429,827,20
430,532,20
435,532,20
442,595,20
443,820,20
443,827,20
466,838,20
470,472,20
470,878,20
490,878,20
501,543,20
502,543,20
504,543,20
515,878,20
535,853,20
536,805,20
54,662,20
54,699,20
602,648,20
602,820,20
602,853,20
608,853,20
648,800,20
660,820,20
660,853,20
684,738,20
701,724,20
701,782,20
714,715,20
724,783,20
732,737,20
732,882,20
732,978,20
767,772,20
772,967,20
776,829,20
791,795,20
8,950,20
800,820,20
800,853,20
808,814,20
82,950,20
820,920,20
827,920,20
882,981,20
909,950,20
950,975,20
950,981,20
950,982,20
950,983,20
950,984,20
950,985,20
950,987,20
961,981,20
104,304,19
104,476,19
105,805,19
119,53,19
119,57,19
149,751,19
156,556,19
157,92,19
193,873,19
197,537,19
202,697,19
202,806,19
202,858,19
206,676,19
206,697,19
206,806,19
206,858,19
213,290,19
247,344,19
247,430,19
277,64,19
285,470,19
304,472,19
304,805,19
335,742,19
338,498,19
353,490,19
353,878,19
359,597,19
374,470,19
374,875,19
41,46,19
434,435,19
441,871,19
476,940,19
517,587,19
517,879,19
536,940,19
537,77,19
543,699,19
645,651,19
651,835,19
651,936,19
653,656,19
701,770,19
701,780,19
701,781,19
701,798,19
705,712,19
707,814,19
722,724,19
743,798,19
747,868,19
749,827,19
749,848,19
760,961,19
761,961,19
762,8,19
782,783,19
795,865,19
799,814,19
812,850,19
826,827,19
866,878,19
906,961,19
104,536,18
104,676,18
104,805,18
135,335,18
136,361,18
153,154,18
193,588,18
200,697,18
200,806,18
200,808,18
200,858,18
200,920,18
206,805,18
214,498,18
214,559,18
229,445,18
258,430,18
258,435,18
267,505,18
285,72,18
290,800,18
290,920,18
295,695,18
330,920,18
34,441,18
353,470,18
353,491,18
353,828,18
358,367,18
36,466,18
361,487,18
361,920,18
367,468,18
374,72,18
39,838,18
423,443,18
428,445,18
429,445,18
430,847,18
435,847,18
441,472,18
443,445,18
445,446,18
445,820,18
445,827,18
465,490,18
465,940,18
471,490,18
471,940,18
472,866,18
5,510,18
5,650,18
503,543,18
508,697,18
508,806,18
508,858,18
510,6,18
510,7,18
513,543,18
515,805,18
517,524,18
522,680,18
532,741,18
543,599,18
543,920,18
556,879,18
58,64,18
599,662,18
6,650,18
608,695,18
645,652,18
646,651,18
646,652,18
648,698,18
650,7,18
652,656,18
652,835,18
652,842,18
660,758,18
668,772,18
676,940,18
697,707,18
697,788,18
697,808,18
697,865,18
701,715,18
705,828,18
707,806,18
707,858,18
722,782,18
729,808,18
733,734,18
733,737,18
733,882,18
733,961,18
733,978,18
743,774,18
759,868,18
766,772,18
768,772,18
772,988,18
775,808,18
776,808,18
780,783,18
781,783,18
783,798,18
788,806,18
792,808,18
794,808,18
804,814,18
805,940,18
806,808,18
806,865,18
808,829,18
808,858,18
816,817,18
835,935,18
837,935,18
909,962,18
935,936,18
940,950,18
102,498,17
102,699,17
104,206,17
104,72,17
117,58,17
126,361,17
135,361,17
137,361,17
152,92,17
16,20,17
197,361,17
202,508,17
202,808,17
204,508,17
204,808,17
206,476,17
206,508,17
206,808,17
214,59,17
222,361,17
224,588,17
23,588,17
234,35,17
247,426,17
249,59,17
258,361,17
302,58,17
304,878,17
326,361,17
328,559,17
330,559,17
346,816,17
361,741,17
361,742,17
361,847,17
361,853,17
367,58,17
44,45,17
465,472,17
470,805,17
471,472,17
484,485,17
490,805,17
498,501,17
498,502,17
498,503,17
498,504,17
498,513,17
498,599,17
501,699,17
503,662,17
504,699,17
508,92,17
510,828,17
513,662,17
515,559,17
523,823,17
524,873,17
537,742,17
559,963,17
57,58,17
58,60,17
59,662,17
59,699,17
595,920,17
619,812,17
645,653,17
646,653,17
648,747,17
648,753,17
648,759,17
651,842,17
653,835,17
653,842,17
658,747,17
658,753,17
658,759,17
658,868,17
660,748,17
713,714,17
722,770,17
722,780,17
722,781,17
722,798,17
729,829,17
747,748,17
747,749,17
748,753,17
748,759,17
748,868,17
749,753,17
749,759,17
749,868,17
750,812,17
753,868,17
757,812,17
762,82,17
789,808,17
792,829,17
794,829,17
8,962,17
811,950,17
834,849,17
834,935,17
887,92,17
910,92,17
910,940,17
111,67,16
117,53,16
117,560,16
119,505,16
121,253,16
124,587,16
135,537,16
153,57,16
19,879,16
193,823,16
20,84,16
202,510,16
206,940,16
23,522,16
267,64,16
285,465,16
285,471,16
285,485,16
290,602,16
290,608,16
290,660,16
302,53,16
304,353,16
311,480,16
321,675,16
374,465,16
374,471,16
374,485,16
428,848,16
441,72,16
445,447,16
465,485,16
465,72,16
465,878,16
471,485,16
471,72,16
471,878,16
485,72,16
505,53,16
505,57,16
508,814,16
520,523,16
520,524,16
522,524,16
523,879,16
524,671,16
524,879,16
53,60,16
53,64,16
559,930,16
565,568,16
565,584,16
566,568,16
588,680,16
648,826,16
651,656,16
671,877,16
680,823,16
684,732,16
705,889,16
707,729,16
707,775,16
707,776,16
707,792,16
707,794,16
729,789,16
732,738,16
732,984,16
738,962,16
775,789,16
775,829,16
776,789,16
789,792,16
789,794,16
817,920,16
818,878,16
82,962,16
826,848,16
873,877,16
874,876,16
102,598,15
104,485,15
123,442,15
125,430,15
135,430,15
135,435,15
135,532,15
136,435,15
136,532,15
137,430,15
137,435,15
137,532,15
16,19,15
171,470,15
18,20,15
18,523,15
18,524,15
196,335,15
197,430,15
197,435,15
197,532,15
202,910,15
214,570,15
229,447,15
267,277,15
277,564,15
284,374,15
284,874,15
311,481,15
311,5,15
311,6,15
311,7,15
317,67,15
322,327,15
322,430,15
328,570,15
330,570,15
34,42,15
34,838,15
358,368,15
367,53,15
39,466,15
412,878,15
428,447,15
428,912,15
429,447,15
430,742,15
435,742,15
443,447,15
446,447,15
446,816,15
447,820,15
447,827,15
465,676,15
498,515,15
498,543,15
498,930,15
515,543,15
515,570,15
517,681,15
520,84,15
523,579,15
524,579,15
532,742,15
543,930,15
550,588,15
557,559,15
558,559,15
558,598,15
570,930,15
570,963,15
595,817,15
67,966,15
67,988,15
681,811,15
681,879,15
695,749,15
695,820,15
705,728,15
72,940,15
762,983,15
767,769,15
769,967,15
820,912,15
827,912,15
930,951,15
949,966,15
102,557,14
104,171,14
104,874,14
105,72,14
108,92,14
114,314,14
126,430,14
126,435,14
126,532,14
147,532,14
152,157,14
152,491,14
152,891,14
157,508,14
157,828,14
157,887,14
19,520,14
206,472,14
206,878,14
222,430,14
222,435,14
222,532,14
229,327,14
229,423,14
229,442,14
229,595,14
234,470,14
240,430,14
247,329,14
247,529,14
267,564,14
27,910,14
285,866,14
302,54,14
305,311,14
311,321,14
311,510,14
311,650,14
311,82,14
311,909,14
311,971,14
311,975,14
311,981,14
311,982,14
311,983,14
311,984,14
311,985,14
311,987,14
322,447,14
326,435,14
326,532,14
327,423,14
327,428,14
327,429,14
327,442,14
327,443,14
327,445,14
327,446,14
327,447,14
327,595,14
327,820,14
327,827,14
329,344,14
338,534,14
34,39,14
344,529,14
346,442,14
364,59,14
365,585,14
368,468,14
423,428,14
423,429,14
423,445,14
423,446,14
423,447,14
423,820,14
423,827,14
428,442,14
428,535,14
429,442,14
429,595,14
430,487,14
430,853,14
430,920,14
435,487,14
435,853,14
435,920,14
442,445,14
442,447,14
442,820,14
442,827,14
443,595,14
445,595,14
446,535,14
446,602,14
446,608,14
446,660,14
446,800,14
446,912,14
446,920,14
447,595,14
465,515,14
465,74,14
471,515,14
471,74,14
472,676,14
480,481,14
487,532,14
491,510,14
491,691,14
491,910,14
498,662,14
498,699,14
516,539,14
516,873,14
520,575,14
532,853,14
532,920,14
535,820,14
535,827,14
559,570,14
560,59,14
564,59,14
566,584,14
568,585,14
587,588,14
595,602,14
595,608,14
595,660,14
595,800,14
643,836,14
644,836,14
648,660,14
668,769,14
684,734,14
684,762,14
684,961,14
691,891,14
691,92,14
695,826,14
705,707,14
715,795,14
734,738,14
734,762,14
734,984,14
737,762,14
738,762,14
738,961,14
762,882,14
762,961,14
762,978,14
766,769,14
768,769,14
769,988,14
810,816,14
818,866,14
875,876,14
891,910,14
9,909,14
9,981,14
9,982,14
9,984,14
949,988,14
961,984,14
962,975,14
962,985,14
962,987,14
104,105,13
104,484,13
105,285,13
105,374,13
105,465,13
105,471,13
125,602,13
125,608,13
125,660,13
125,800,13
125,912,13
128,695,13
136,140,13
149,816,13
152,27,13
167,480,13
167,551,13
168,565,13
168,566,13
171,285,13
171,374,13
171,72,13
214,543,13
229,322,13
249,543,13
249,565,13
249,566,13
27,508,13
27,691,13
27,887,13
284,866,13
285,484,13
285,490,13
290,390,13
305,510,13
305,650,13
311,8,13
321,510,13
321,650,13
322,423,13
322,428,13
322,429,13
322,442,13
322,443,13
322,445,13
322,446,13
322,595,13
322,820,13
322,827,13
335,537,13
34,466,13
365,584,13
374,484,13
374,490,13
374,876,13
417,476,13
417,676,13
42,441,13
426,447,13
430,447,13
465,484,13
470,72,13
471,484,13
472,476,13
472,818,13
480,486,13
484,72,13
485,940,13
510,82,13
510,909,13
510,971,13
510,975,13
510,981,13
510,982,13
510,983,13
510,984,13
510,985,13
510,987,13
515,662,13
515,699,13
516,877,13
535,537,13
539,543,13
539,930,13
556,89,13
559,568,13
643,651,13
644,651,13
650,82,13
650,909,13
650,971,13
650,975,13
650,981,13
650,982,13
650,983,13
650,984,13
650,985,13
650,987,13
662,930,13
676,878,13
697,887,13
699,930,13
701,727,13
713,715,13
766,966,13
806,887,13
823,879,13
858,887,13
105,485,12
128,608,12
128,827,12
156,92,12
157,910,12
16,18,12
16,84,12
167,950,12
167,969,12
171,485,12
176,536,12
177,536,12
18,520,12
18,879,12
193,587,12
202,887,12
204,887,12
206,887,12
213,390,12
213,412,12
213,690,12
214,568,12
232,233,12
232,353,12
232,818,12
234,940,12
240,535,12
240,741,12
249,498,12
249,963,12
253,920,12
267,367,12
290,412,12
290,690,12
303,476,12
303,536,12
303,676,12
303,805,12
304,465,12
304,471,12
328,568,12
330,498,12
330,568,12
36,838,12
390,412,12
390,690,12
412,690,12
418,838,12
423,816,12
428,695,12
430,535,12
472,536,12
476,878,12
480,510,12
480,650,12
508,799,12
510,8,12
515,568,12
520,579,12
522,556,12
535,741,12
536,878,12
556,588,12
556,823,12
568,930,12
568,963,12
575,879,12
579,879,12
602,658,12
602,695,12
602,747,12
602,753,12
602,759,12
602,868,12
650,8,12
657,758,12
658,800,12
660,695,12
666,756,12
680,691,12
684,737,12
684,882,12
684,978,12
695,800,12
697,709,12
698,848,12
701,705,12
705,709,12
709,806,12
709,858,12
715,783,12
727,783,12
732,762,12
732,962,12
737,738,12
737,984,12
738,882,12
738,978,12
747,800,12
748,848,12
753,800,12
756,758,12
759,800,12
762,984,12
800,868,12
808,887,12
811,951,12
814,829,12
882,984,12
978,984,12
102,515,11
102,930,11
104,303,11
105,940,11
117,153,11
117,214,11
117,249,11
117,364,11
117,54,11
117,59,11
117,662,11
117,699,11
124,588,11
125,327,11
135,78,11
137,577,11
153,214,11
153,249,11
153,302,11
153,367,11
153,54,11
153,58,11
153,59,11
153,60,11
153,64,11
153,662,11
153,699,11
157,556,11
157,691,11
16,579,11
168,585,11
171,940,11
176,206,11
176,277,11
177,206,11
19,575,11
19,579,11
200,92,11
206,303,11
213,878,11
214,302,11
214,367,11
214,539,11
214,57,11
214,58,11
214,60,11
214,64,11
221,487,11
221,547,11
233,417,11
249,302,11
249,367,11
249,539,11
249,57,11
249,58,11
249,585,11
249,60,11
249,64,11
253,951,11
27,92,11
285,876,11
29,30,11
290,878,11
302,44,11
302,45,11
302,59,11
302,662,11
302,699,11
303,470,11
303,490,11
303,515,11
303,940,11
326,327,11
359,502,11
364,60,11
367,54,11
367,59,11
367,662,11
367,699,11
390,878,11
42,475,11
434,537,11
435,537,11
442,810,11
470,485,11
484,940,11
498,534,11
501,515,11
501,930,11
502,515,11
502,930,11
503,515,11
503,930,11
504,515,11
504,930,11
508,707,11
508,804,11
508,891,11
513,515,11
513,930,11
515,599,11
517,523,11
522,89,11
523,575,11
524,575,11
539,662,11
539,699,11
539,92,11
54,57,11
54,58,11
54,60,11
54,64,11
57,59,11
57,662,11
57,699,11
58,59,11
58,662,11
58,699,11
587,680,11
588,89,11
59,60,11
59,64,11
595,816,11
599,930,11
60,662,11
60,699,11
602,698,11
609,801,11
64,662,11
64,699,11
658,698,11
660,698,11
681,910,11
690,878,11
698,800,11
714,795,11
715,727,11
722,727,11
742,78,11
762,975,11
762,985,11
762,987,11
789,814,11
823,89,11
866,874,11
102,214,10
102,249,10
104,233,10
105,671,10
15,681,10
152,156,10
156,508,10
156,879,10
156,887,10
156,910,10
16,879,10
17,24,10
171,490,10
171,671,10
176,304,10
176,940,10
177,277,10
177,304,10
177,940,10
19,20,10
20,587,10
20,680,10
200,891,10
214,501,10
214,502,10
214,503,10
214,504,10
214,513,10
214,599,10
224,877,10
233,285,10
233,374,10
233,465,10
233,471,10
233,671,10
233,72,10
249,501,10
249,502,10
249,503,10
249,504,10
249,513,10
249,599,10
25,650,10
25,977,10
27,879,10
285,515,10
29,32,10
30,32,10
311,811,10
338,359,10
338,559,10
342,442,10
353,465,10
353,471,10
353,676,10
353,891,10
359,498,10
359,662,10
36,418,10
361,430,10
361,435,10
361,532,10
365,568,10
374,515,10
39,418,10
417,484,10
417,671,10
44,475,10
465,866,10
470,691,10
471,866,10
476,874,10
476,875,10
476,876,10
481,510,10
481,650,10
484,671,10
498,559,10
498,570,10
498,963,10
510,891,10
520,879,10
522,587,10
532,535,10
536,866,10
536,874,10
536,875,10
536,876,10
550,587,10
550,89,10
557,558,10
595,596,10
596,817,10
610,92,10
650,977,10
651,836,10
676,874,10
676,875,10
676,876,10
684,733,10
691,940,10
691,950,10
712,714,10
712,715,10
713,858,10
715,858,10
729,814,10
733,738,10
733,762,10
733,962,10
733,984,10
734,962,10
737,962,10
743,783,10
754,758,10
755,758,10
775,814,10
776,814,10
792,814,10
794,814,10
805,874,10
805,875,10
805,876,10
828,891,10
866,875,10
882,962,10
887,891,10
961,962,10
961,982,10
962,978,10
102,359,9
102,539,9
104,234,9
105,234,9
105,470,9
108,152,9
108,156,9
108,508,9
108,887,9
108,910,9
117,505,9
121,912,9
121,951,9
124,522,9
124,823,9
124,84,9
125,126,9
15,950,9
156,691,9
16,575,9
16,680,9
171,234,9
171,277,9
176,353,9
177,353,9
202,24,9
202,25,9
202,650,9
202,950,9
202,977,9
206,285,9
206,374,9
206,874,9
206,875,9
206,876,9
224,671,9
229,777,9
23,516,9
23,587,9
233,485,9
233,940,9
234,285,9
234,374,9
234,465,9
234,471,9
234,484,9
234,680,9
234,72,9
24,25,9
24,510,9
24,650,9
24,977,9
25,510,9
277,676,9
290,777,9
302,35,9
304,866,9
311,486,9
315,316,9
322,777,9
327,777,9
328,498,9
330,777,9
353,476,9
359,501,9
359,504,9
364,64,9
423,777,9
428,777,9
429,777,9
442,777,9
443,777,9
445,777,9
446,777,9
447,777,9
470,484,9
470,680,9
470,910,9
470,950,9
485,74,9
498,539,9
501,539,9
502,539,9
503,539,9
504,539,9
505,60,9
510,977,9
513,539,9
516,523,9
517,671,9
522,550,9
532,537,9
537,577,9
539,599,9
539,873,9
543,777,9
550,823,9
588,828,9
595,777,9
595,912,9
596,920,9
598,599,9
598,699,9
611,801,9
643,645,9
643,831,9
643,832,9
643,833,9
643,835,9
644,645,9
644,831,9
644,832,9
644,833,9
644,835,9
651,831,9
651,832,9
651,833,9
675,762,9
693,743,9
693,770,9
697,782,9
714,724,9
714,727,9
714,770,9
714,780,9
714,781,9
714,782,9
714,798,9
732,760,9
732,761,9
732,906,9
733,760,9
733,761,9
733,906,9
734,760,9
734,761,9
734,906,9
74,866,9
751,816,9
777,820,9
777,827,9
782,806,9
837,839,9
873,977,9
883,981,9
102,330,8
104,876,8
108,157,8
108,27,8
123,149,8
123,247,8
123,329,8
123,344,8
123,529,8
123,751,8
124,879,8
140,602,8
140,608,8
140,660,8
140,800,8
140,912,8
147,602,8
147,608,8
147,660,8
147,800,8
147,912,8
148,532,8
148,602,8
148,608,8
148,660,8
148,800,8
148,912,8
149,247,8
149,329,8
149,342,8
149,344,8
149,529,8
168,570,8
176,470,8
176,490,8
177,470,8
177,490,8
18,950,8
19,950,8
197,335,8
20,681,8
202,940,8
224,587,8
224,879,8
234,485,8
234,691,8
240,435,8
240,602,8
240,608,8
240,660,8
240,800,8
240,912,8
247,342,8
247,751,8
247,816,8
249,330,8
277,304,8
277,353,8
277,364,8
277,465,8
277,472,8
277,476,8
277,490,8
277,515,8
285,303,8
285,304,8
285,476,8
285,536,8
285,676,8
285,805,8
302,951,8
303,374,8
303,874,8
303,875,8
303,876,8
304,374,8
304,412,8
304,874,8
304,875,8
304,876,8
305,551,8
314,949,8
317,358,8
329,342,8
329,751,8
329,816,8
330,338,8
330,501,8
330,502,8
330,504,8
330,662,8
34,418,8
342,344,8
342,529,8
342,751,8
344,751,8
344,816,8
353,412,8
353,536,8
359,543,8
374,476,8
374,536,8
374,676,8
374,805,8
374,866,8
412,471,8
412,472,8
412,490,8
412,515,8
412,676,8
423,817,8
426,435,8
426,535,8
426,602,8
426,608,8
426,660,8
426,741,8
426,800,8
426,912,8
430,434,8
434,535,8
434,602,8
434,608,8
434,660,8
434,741,8
434,800,8
434,912,8
435,535,8
442,817,8
476,866,8
481,486,8
502,534,8
505,64,8
510,551,8
517,950,8
522,879,8
523,680,8
529,751,8
529,816,8
534,559,8
535,595,8
551,650,8
551,971,8
556,671,8
577,602,8
577,608,8
577,660,8
577,800,8
577,912,8
587,823,8
587,879,8
602,77,8
602,78,8
608,749,8
608,77,8
608,78,8
643,646,8
643,936,8
644,646,8
644,936,8
660,77,8
660,78,8
671,823,8
671,879,8
676,866,8
681,940,8
697,715,8
714,719,8
714,721,8
714,763,8
714,783,8
714,784,8
714,786,8
715,781,8
715,806,8
719,858,8
74,818,8
77,800,8
77,912,8
772,949,8
78,800,8
78,912,8
782,858,8
786,858,8
805,866,8
828,887,8
831,836,8
832,836,8
833,836,8
879,950,8
102,338,7
111,314,7
117,418,7
117,44,7
117,45,7
121,126,7
121,135,7
121,136,7
121,137,7
121,197,7
121,222,7
121,229,7
121,258,7
121,322,7
121,326,7
121,327,7
121,361,7
121,423,7
121,428,7
121,429,7
121,442,7
121,443,7
121,445,7
121,446,7
121,447,7
121,487,7
121,595,7
121,741,7
121,742,7
121,820,7
121,827,7
121,847,7
121,853,7
125,920,7
126,200,7
126,290,7
126,330,7
126,543,7
126,777,7
128,295,7
135,200,7
135,290,7
135,330,7
135,543,7
135,77,7
135,777,7
136,200,7
136,290,7
136,330,7
136,543,7
136,777,7
137,200,7
137,290,7
137,330,7
137,543,7
137,777,7
15,20,7
152,550,7
152,587,7
153,418,7
153,44,7
153,45,7
154,418,7
154,475,7
156,539,7
168,365,7
171,304,7
171,353,7
171,412,7
171,472,7
171,515,7
176,472,7
176,515,7
176,878,7
177,472,7
177,515,7
177,878,7
18,27,7
18,681,7
19,27,7
19,681,7
193,517,7
193,550,7
197,200,7
197,290,7
197,330,7
197,543,7
197,777,7
20,27,7
20,588,7
20,811,7
20,950,7
200,222,7
200,258,7
200,326,7
200,361,7
200,487,7
200,510,7
200,741,7
200,742,7
200,847,7
200,853,7
202,5,7
202,6,7
202,691,7
202,7,7
204,510,7
204,910,7
206,510,7
206,910,7
214,418,7
214,44,7
214,45,7
222,290,7
222,330,7
222,543,7
222,777,7
224,550,7
229,821,7
233,234,7
233,470,7
24,480,7
24,5,7
24,6,7
24,7,7
240,537,7
249,365,7
249,418,7
249,44,7
249,45,7
25,5,7
25,6,7
25,7,7
258,290,7
258,330,7
258,543,7
258,777,7
27,539,7
277,412,7
277,470,7
277,471,7
277,505,7
277,878,7
284,838,7
290,326,7
290,361,7
290,487,7
290,741,7
290,742,7
290,847,7
290,853,7
302,36,7
302,418,7
302,466,7
302,838,7
303,36,7
304,36,7
305,950,7
314,317,7
314,67,7
314,966,7
314,988,7
322,821,7
326,330,7
326,543,7
326,777,7
327,821,7
330,361,7
330,487,7
330,741,7
330,742,7
330,847,7
330,853,7
338,501,7
338,502,7
338,503,7
338,504,7
338,513,7
338,543,7
338,599,7
338,662,7
338,699,7
34,41,7
34,46,7
35,36,7
35,466,7
35,838,7
35,951,7
361,543,7
361,777,7
364,367,7
367,418,7
367,44,7
367,45,7
367,560,7
367,67,7
368,67,7
39,41,7
39,42,7
39,46,7
41,49,7
412,465,7
412,470,7
412,476,7
418,44,7
418,45,7
418,475,7
418,54,7
418,57,7
418,58,7
418,59,7
418,60,7
418,64,7
418,662,7
418,699,7
42,49,7
423,821,7
426,537,7
428,821,7
428,853,7
429,821,7
430,537,7
44,54,7
44,57,7
44,58,7
44,59,7
44,60,7
44,64,7
44,662,7
44,699,7
442,821,7
443,821,7
445,821,7
446,821,7
447,821,7
45,54,7
45,57,7
45,58,7
45,59,7
45,60,7
45,64,7
45,662,7
45,699,7
46,475,7
46,49,7
465,805,7
470,681,7
470,874,7
470,875,7
470,876,7
471,805,7
481,7,7
487,543,7
487,777,7
490,72,7
490,874,7
490,875,7
490,876,7
5,811,7
5,977,7
504,598,7
508,550,7
508,587,7
510,697,7
510,806,7
510,858,7
515,874,7
515,875,7
515,876,7
534,598,7
534,599,7
537,741,7
543,741,7
543,742,7
543,847,7
543,853,7
550,887,7
587,84,7
587,887,7
595,821,7
6,811,7
6,977,7
610,828,7
610,879,7
643,842,7
644,842,7
645,831,7
645,832,7
645,833,7
645,836,7
646,831,7
646,832,7
646,833,7
646,836,7
657,753,7
657,754,7
657,755,7
664,744,7
671,873,7
675,9,7
675,962,7
678,679,7
678,790,7
680,681,7
680,910,7
680,940,7
680,950,7
681,691,7
684,981,7
684,982,7
697,910,7
7,811,7
7,977,7
714,785,7
714,858,7
715,724,7
715,770,7
715,780,7
715,782,7
715,798,7
741,777,7
742,77,7
742,777,7
747,758,7
753,754,7
753,755,7
753,756,7
754,756,7
755,756,7
758,759,7
758,868,7
777,847,7
777,853,7
777,920,7
795,796,7
795,803,7
806,910,7
820,821,7
820,853,7
821,827,7
827,853,7
831,835,7
831,842,7
832,835,7
832,842,7
833,835,7
833,842,7
835,836,7
836,842,7
858,910,7
866,940,7
874,940,7
875,940,7
876,940,7
910,920,7
920,930,7
920,940,7
920,950,7
930,940,7
950,971,7
102,168,6
104,176,6
104,177,6
108,490,6
108,691,6
111,949,6
121,196,6
121,202,6
121,213,6
121,910,6
121,930,6
121,940,6
121,950,6
124,193,6
124,20,6
124,23,6
124,680,6
128,595,6
128,596,6
128,698,6
128,748,6
128,817,6
128,820,6
128,920,6
149,853,6
15,152,6
15,508,6
15,550,6
15,587,6
15,588,6
15,887,6
152,202,6
152,204,6
152,206,6
152,588,6
152,697,6
152,806,6
152,808,6
152,858,6
156,200,6
157,200,6
157,539,6
168,501,6
168,502,6
168,503,6
168,504,6
168,513,6
168,599,6
171,878,6
18,588,6
18,811,6
18,910,6
19,588,6
19,811,6
19,910,6
196,200,6
196,290,6
196,330,6
196,537,6
196,543,6
196,920,6
20,523,6
20,524,6
20,910,6
200,213,6
200,229,6
200,27,6
200,322,6
200,327,6
200,353,6
200,423,6
200,428,6
200,429,6
200,442,6
200,443,6
200,445,6
200,446,6
200,447,6
200,515,6
200,595,6
200,820,6
200,827,6
202,253,6
202,353,6
202,480,6
202,891,6
202,920,6
204,353,6
204,691,6
204,891,6
206,691,6
206,891,6
213,330,6
213,543,6
214,53,6
224,524,6
229,247,6
229,344,6
229,535,6
229,547,6
229,602,6
229,608,6
229,660,6
229,800,6
229,853,6
229,912,6
229,920,6
23,550,6
23,691,6
23,977,6
234,36,6
24,517,6
24,522,6
24,877,6
247,428,6
247,429,6
247,443,6
247,446,6
247,535,6
247,602,6
247,608,6
247,660,6
247,800,6
247,820,6
247,827,6
247,853,6
247,912,6
247,920,6
249,328,6
249,53,6
25,480,6
25,671,6
25,873,6
253,302,6
253,910,6
253,930,6
253,940,6
253,950,6
259,267,6
259,268,6
259,358,6
259,368,6
259,468,6
259,505,6
267,268,6
267,368,6
267,468,6
267,59,6
268,505,6
268,59,6
295,428,6
295,595,6
295,596,6
295,602,6
295,660,6
295,800,6
295,817,6
295,920,6
302,49,6
303,418,6
303,466,6
304,418,6
304,466,6
305,481,6
305,811,6
313,338,6
314,338,6
314,568,6
314,570,6
317,949,6
321,481,6
321,811,6
327,547,6
328,338,6
329,428,6
329,443,6
329,446,6
329,535,6
329,602,6
329,608,6
329,660,6
329,800,6
329,820,6
329,827,6
329,853,6
329,912,6
329,920,6
330,359,6
330,503,6
330,513,6
330,599,6
330,699,6
338,568,6
34,475,6
344,428,6
344,429,6
344,443,6
344,446,6
344,447,6
344,535,6
344,602,6
344,608,6
344,660,6
344,800,6
344,820,6
344,827,6
344,853,6
344,912,6
344,920,6
35,811,6
353,508,6
353,697,6
353,806,6
353,808,6
353,858,6
353,887,6
358,505,6
358,59,6
364,505,6
364,555,6
368,505,6
368,59,6
41,44,6
41,45,6
41,466,6
41,838,6
42,44,6
42,45,6
42,466,6
42,838,6
423,547,6
428,529,6
428,547,6
428,596,6
429,535,6
429,547,6
429,602,6
429,608,6
429,660,6
429,800,6
429,853,6
429,912,6
429,920,6
44,46,6
441,475,6
442,547,6
443,529,6
443,535,6
443,547,6
443,602,6
443,608,6
443,660,6
443,800,6
443,853,6
443,912,6
443,920,6
445,547,6
446,529,6
446,547,6
446,853,6
447,547,6
45,46,6
46,466,6
46,838,6
468,505,6
468,59,6
472,74,6
472,805,6
477,537,6
480,5,6
480,6,6
480,7,6
480,977,6
481,5,6
481,6,6
481,8,6
481,82,6
481,909,6
481,971,6
481,975,6
481,981,6
481,982,6
481,983,6
481,984,6
481,985,6
481,987,6
486,811,6
490,92,6
498,568,6
501,598,6
502,532,6
502,533,6
502,535,6
502,536,6
502,537,6
505,560,6
505,59,6
508,510,6
508,588,6
508,729,6
508,775,6
508,776,6
508,792,6
508,794,6
508,828,6
508,829,6
510,808,6
510,811,6
510,887,6
516,977,6
517,551,6
523,977,6
524,680,6
529,535,6
529,602,6
529,608,6
529,660,6
529,800,6
529,820,6
529,827,6
529,853,6
529,912,6
529,920,6
53,54,6
53,58,6
53,59,6
53,662,6
53,699,6
532,533,6
532,534,6
532,536,6
532,598,6
532,599,6
532,699,6
533,534,6
533,535,6
533,536,6
533,537,6
533,598,6
533,599,6
533,699,6
534,535,6
534,536,6
534,537,6
534,699,6
535,536,6
535,598,6
535,599,6
535,699,6
536,537,6
536,598,6
536,599,6
536,699,6
537,598,6
537,599,6
537,699,6
547,595,6
547,820,6
547,827,6
551,681,6
551,879,6
555,560,6
555,564,6
568,584,6
588,887,6
595,695,6
596,602,6
596,608,6
596,660,6
596,695,6
596,800,6
596,820,6
596,827,6
602,657,6
602,754,6
602,755,6
602,756,6
602,758,6
602,826,6
602,848,6
608,826,6
609,795,6
611,795,6
616,795,6
618,795,6
621,795,6
648,657,6
648,754,6
648,755,6
648,756,6
648,758,6
650,811,6
656,831,6
656,832,6
656,833,6
657,658,6
657,660,6
657,747,6
657,748,6
657,749,6
657,759,6
657,800,6
657,868,6
658,660,6
658,754,6
658,755,6
658,756,6
658,758,6
660,747,6
660,753,6
660,756,6
660,759,6
660,826,6
660,848,6
660,868,6
684,760,6
684,761,6
684,906,6
691,697,6
691,806,6
691,808,6
691,858,6
695,817,6
695,920,6
697,713,6
697,791,6
697,891,6
698,749,6
713,806,6
715,719,6
715,721,6
715,763,6
715,784,6
715,785,6
715,786,6
721,858,6
724,858,6
732,983,6
737,883,6
74,878,6
747,754,6
747,755,6
747,756,6
748,754,6
748,755,6
748,756,6
748,758,6
749,754,6
749,755,6
749,756,6
749,758,6
753,758,6
754,759,6
754,800,6
754,868,6
755,759,6
755,800,6
755,868,6
756,757,6
756,759,6
756,800,6
756,868,6
758,800,6
760,883,6
760,962,6
760,984,6
761,883,6
761,962,6
761,984,6
763,858,6
783,858,6
784,858,6
785,858,6
791,806,6
8,811,6
800,826,6
800,848,6
805,878,6
806,891,6
808,891,6
808,910,6
811,82,6
811,909,6
811,971,6
811,975,6
811,981,6
811,982,6
811,983,6
811,984,6
811,985,6
811,987,6
816,853,6
817,853,6
858,891,6
877,977,6
883,906,6
883,962,6
883,978,6
906,962,6
906,984,6
910,930,6
930,950,6
10,25,5
10,650,5
10,977,5
104,472,5
104,878,5
114,966,5
117,564,5
119,59,5
121,602,5
121,608,5
121,660,5
121,800,5
124,156,5
124,556,5
124,89,5
125,222,5
125,247,5
125,535,5
125,853,5
126,535,5
126,602,5
126,608,5
126,660,5
126,800,5
126,912,5
136,535,5
137,77,5
149,817,5
15,18,5
15,19,5
15,811,5
152,18,5
152,19,5
152,20,5
152,516,5
153,53,5
154,57,5
156,522,5
156,588,5
156,823,5
156,84,5
156,89,5
157,193,5
157,224,5
157,550,5
157,587,5
157,588,5
16,517,5
17,671,5
17,690,5
17,873,5
176,866,5
176,869,5
177,866,5
177,869,5
18,21,5
18,508,5
18,550,5
18,587,5
18,887,5
19,21,5
19,508,5
19,550,5
19,587,5
19,887,5
193,556,5
197,78,5
20,508,5
20,517,5
20,550,5
20,579,5
20,887,5
200,36,5
200,516,5
200,602,5
200,608,5
200,660,5
200,800,5
200,828,5
200,912,5
206,866,5
21,950,5
213,920,5
222,535,5
222,602,5
222,608,5
222,660,5
222,800,5
222,912,5
224,556,5
23,234,5
23,27,5
23,556,5
23,873,5
232,491,5
234,910,5
234,950,5
24,486,5
247,322,5
247,326,5
27,811,5
290,912,5
302,505,5
302,811,5
311,551,5
313,314,5
314,602,5
314,608,5
314,660,5
322,547,5
326,535,5
326,602,5
326,608,5
326,660,5
326,800,5
326,912,5
328,359,5
328,539,5
330,602,5
330,608,5
330,660,5
330,800,5
330,912,5
34,36,5
34,44,5
34,45,5
34,49,5
359,539,5
36,39,5
36,515,5
36,539,5
365,515,5
367,564,5
39,44,5
39,45,5
39,49,5
428,817,5
44,49,5
441,838,5
45,49,5
465,536,5
465,818,5
466,49,5
470,866,5
471,818,5
481,551,5
485,490,5
486,517,5
486,681,5
486,879,5
49,838,5
490,866,5
501,557,5
502,559,5
504,557,5
505,564,5
508,610,5
508,789,5
508,823,5
508,877,5
508,879,5
510,950,5
515,555,5
516,691,5
516,887,5
516,910,5
517,680,5
522,84,5
523,873,5
539,555,5
543,555,5
543,602,5
543,608,5
543,660,5
543,800,5
543,912,5
550,680,5
550,910,5
555,59,5
555,930,5
556,680,5
556,84,5
559,662,5
560,64,5
564,60,5
587,910,5
588,681,5
588,84,5
588,950,5
602,817,5
602,949,5
608,817,5
608,949,5
610,823,5
610,877,5
610,891,5
640,987,5
642,987,5
650,950,5
656,936,5
660,752,5
660,817,5
660,949,5
661,834,5
661,849,5
661,935,5
665,745,5
671,690,5
678,727,5
678,787,5
678,788,5
678,791,5
678,793,5
678,858,5
679,727,5
679,787,5
679,788,5
679,791,5
679,793,5
679,858,5
684,883,5
690,873,5
693,694,5
694,743,5
694,770,5
701,729,5
701,792,5
727,790,5
787,790,5
788,790,5
790,791,5
790,793,5
790,858,5
800,817,5
817,820,5
817,827,5
823,828,5
823,84,5
823,891,5
828,877,5
838,871,5
84,89,5
869,875,5
877,879,5
877,891,5
879,891,5
920,951,5
987,990,5
10,202,4
10,24,4
10,253,4
10,302,4
10,480,4
10,5,4
10,510,4
10,6,4
10,7,4
10,951,4
102,963,4
104,23,4
105,23,4
105,74,4
111,114,4
114,317,4
114,67,4
114,988,4
117,154,4
117,277,4
121,302,4
121,811,4
123,423,4
123,595,4
124,224,4
147,258,4
147,430,4
147,435,4
147,535,4
147,741,4
148,430,4
148,435,4
148,535,4
148,741,4
148,847,4
149,595,4
149,777,4
15,157,4
15,21,4
15,910,4
152,490,4
152,610,4
152,681,4
152,823,4
152,877,4
152,879,4
152,950,4
154,214,4
154,249,4
154,302,4
154,367,4
154,54,4
154,58,4
154,59,4
154,60,4
154,64,4
154,662,4
154,699,4
157,23,4
157,610,4
168,559,4
17,202,4
17,25,4
17,510,4
17,650,4
17,977,4
171,23,4
171,74,4
171,805,4
18,490,4
18,517,4
18,680,4
19,490,4
193,691,4
193,879,4
193,89,4
20,21,4
200,234,4
200,610,4
200,823,4
200,877,4
200,879,4
202,486,4
202,671,4
202,690,4
202,873,4
206,465,4
21,588,4
21,681,4
213,304,4
213,353,4
213,471,4
213,472,4
213,490,4
213,515,4
213,602,4
213,608,4
213,660,4
213,676,4
213,800,4
213,912,4
214,314,4
214,315,4
214,316,4
214,365,4
214,584,4
224,523,4
224,691,4
224,89,4
23,285,4
23,374,4
23,465,4
23,471,4
23,484,4
23,485,4
23,72,4
23,879,4
23,89,4
23,940,4
233,33,4
233,491,4
233,74,4
234,27,4
234,515,4
234,539,4
234,681,4
24,671,4
24,690,4
24,873,4
240,258,4
240,532,4
240,847,4
247,445,4
247,595,4
25,486,4
25,690,4
253,811,4
258,426,4
258,434,4
258,535,4
267,364,4
27,550,4
27,587,4
27,588,4
27,680,4
27,681,4
27,828,4
27,950,4
277,367,4
277,560,4
277,60,4
29,33,4
290,304,4
290,353,4
290,471,4
290,472,4
290,490,4
290,515,4
290,676,4
30,33,4
302,41,4
302,42,4
302,46,4
302,555,4
304,390,4
304,690,4
313,315,4
313,316,4
314,328,4
314,330,4
314,515,4
314,559,4
314,963,4
315,498,4
316,498,4
32,33,4
327,535,4
327,602,4
327,608,4
327,660,4
327,800,4
327,853,4
327,912,4
327,920,4
328,365,4
328,584,4
329,445,4
329,595,4
330,365,4
330,584,4
338,570,4
338,963,4
34,35,4
342,423,4
342,595,4
344,430,4
344,595,4
35,39,4
35,49,4
353,390,4
353,690,4
36,41,4
36,42,4
36,44,4
36,45,4
36,46,4
364,54,4
365,963,4
390,471,4
390,472,4
390,490,4
390,515,4
390,676,4
417,74,4
417,805,4
418,49,4
426,532,4
426,847,4
430,445,4
434,532,4
434,847,4
44,466,4
44,838,4
441,476,4
441,536,4
441,676,4
441,805,4
441,874,4
441,875,4
441,876,4
445,529,4
445,535,4
445,602,4
445,608,4
445,660,4
445,800,4
445,853,4
445,912,4
445,920,4
45,466,4
45,475,4
45,838,4
471,536,4
471,690,4
472,690,4
472,838,4
472,940,4
475,876,4
476,871,4
480,811,4
481,483,4
481,950,4
485,508,4
485,691,4
485,910,4
486,5,4
486,510,4
486,551,4
486,6,4
486,650,4
486,7,4
486,977,4
490,508,4
490,690,4
490,887,4
490,910,4
491,818,4
501,963,4
502,963,4
503,963,4
504,963,4
508,516,4
508,681,4
508,950,4
510,671,4
510,690,4
510,873,4
513,963,4
515,584,4
515,690,4
515,72,4
515,866,4
516,610,4
516,823,4
516,828,4
516,879,4
516,891,4
517,579,4
517,811,4
529,595,4
535,847,4
536,871,4
539,610,4
539,823,4
539,828,4
539,877,4
539,879,4
539,891,4
54,560,4
54,564,4
543,963,4
550,671,4
550,681,4
550,879,4
550,950,4
551,945,4
551,946,4
556,828,4
570,584,4
584,930,4
584,963,4
587,671,4
587,681,4
587,950,4
588,879,4
588,910,4
595,751,4
599,963,4
610,691,4
610,887,4
610,910,4
641,987,4
643,652,4
643,656,4
644,652,4
644,656,4
650,671,4
650,690,4
650,873,4
652,836,4
656,836,4
662,963,4
665,750,4
671,680,4
671,977,4
676,690,4
676,871,4
678,865,4
679,865,4
680,879,4
680,89,4
681,887,4
690,977,4
691,823,4
691,877,4
691,879,4
697,714,4
699,963,4
7,945,4
701,707,4
705,887,4
714,806,4
727,865,4
778,829,4
778,989,4
787,865,4
788,865,4
790,865,4
791,865,4
793,865,4
805,871,4
811,879,4
811,910,4
811,940,4
823,887,4
823,910,4
828,92,4
829,986,4
829,987,4
858,865,4
866,876,4
869,940,4
871,874,4
871,875,4
871,876,4
877,887,4
877,910,4
878,940,4
879,887,4
879,910,4
879,92,4
887,889,4
887,950,4
912,951,4
10,486,3
10,945,3
104,33,3
104,353,3
105,33,3
105,490,3
108,200,3
108,539,3
119,259,3
121,35,3
121,963,3
123,346,3
123,446,3
128,853,3
147,537,3
148,537,3
15,27,3
152,21,3
152,233,3
152,485,3
153,505,3
156,490,3
157,18,3
157,19,3
157,20,3
157,233,3
157,29,3
157,30,3
157,32,3
157,33,3
16,490,3
168,498,3
168,543,3
168,930,3
171,213,3
171,290,3
171,33,3
171,390,3
171,690,3
18,23,3
19,23,3
193,233,3
193,27,3
193,29,3
193,30,3
193,32,3
193,33,3
20,23,3
20,575,3
202,311,3
202,930,3
202,945,3
206,277,3
206,441,3
206,471,3
206,72,3
206,869,3
206,871,3
21,508,3
21,550,3
21,587,3
21,887,3
21,910,3
212,213,3
212,290,3
213,277,3
213,465,3
213,470,3
213,476,3
214,338,3
214,555,3
214,565,3
214,566,3
214,585,3
221,222,3
224,233,3
224,27,3
224,29,3
224,30,3
224,32,3
224,33,3
23,470,3
233,29,3
233,30,3
233,32,3
233,490,3
233,508,3
233,887,3
234,490,3
24,28,3
24,311,3
24,945,3
249,555,3
25,311,3
25,945,3
253,35,3
258,537,3
259,54,3
259,555,3
268,67,3
27,470,3
277,290,3
277,302,3
277,390,3
277,536,3
277,54,3
277,555,3
277,690,3
284,869,3
285,33,3
285,869,3
290,465,3
290,470,3
290,476,3
302,34,3
302,39,3
302,930,3
311,977,3
313,568,3
313,570,3
314,365,3
314,584,3
314,930,3
328,565,3
328,566,3
328,585,3
33,374,3
33,465,3
33,471,3
33,484,3
33,485,3
33,72,3
330,565,3
330,566,3
330,585,3
335,602,3
335,608,3
335,660,3
335,800,3
335,912,3
338,515,3
338,539,3
342,346,3
342,446,3
346,443,3
35,41,3
35,42,3
35,44,3
35,45,3
35,46,3
35,930,3
353,866,3
353,869,3
359,598,3
36,49,3
36,74,3
36,811,3
36,866,3
36,930,3
36,951,3
365,559,3
365,570,3
365,930,3
390,465,3
390,470,3
390,476,3
418,74,3
418,866,3
441,74,3
441,866,3
465,690,3
466,811,3
466,930,3
466,951,3
470,690,3
472,874,3
472,875,3
472,876,3
476,690,3
476,74,3
476,838,3
477,602,3
477,608,3
477,660,3
477,800,3
477,912,3
480,945,3
481,969,3
484,490,3
485,515,3
485,866,3
485,887,3
486,945,3
490,523,3
490,524,3
490,575,3
490,579,3
491,889,3
5,945,3
505,54,3
505,555,3
510,945,3
515,54,3
515,565,3
515,566,3
515,585,3
523,587,3
534,543,3
536,74,3
536,818,3
536,838,3
537,847,3
539,54,3
54,543,3
54,930,3
547,777,3
555,662,3
555,699,3
559,584,3
565,570,3
565,930,3
565,963,3
566,570,3
566,930,3
566,963,3
570,585,3
579,680,3
585,930,3
585,963,3
6,945,3
643,653,3
644,653,3
650,945,3
652,831,3
652,832,3
652,833,3
653,836,3
664,745,3
671,74,3
675,8,3
676,74,3
676,838,3
684,82,3
684,909,3
684,975,3
684,983,3
684,985,3
684,987,3
691,930,3
692,701,3
692,707,3
7,946,3
728,887,3
738,760,3
738,761,3
738,906,3
74,805,3
74,838,3
74,871,3
74,874,3
74,875,3
74,876,3
805,838,3
811,838,3
82,883,3
838,866,3
838,874,3
838,875,3
838,876,3
838,930,3
838,951,3
866,871,3
883,975,3
883,983,3
883,984,3
883,985,3
883,987,3
912,930,3
912,963,3
945,977,3
951,963,3
10,121,2
10,17,2
10,35,2
10,671,2
10,690,2
10,811,2
10,873,2
10,946,2
102,534,2
102,555,2
104,157,2
104,18,2
104,19,2
104,193,2
104,20,2
104,224,2
104,27,2
104,29,2
104,30,2
104,32,2
104,680,2
104,691,2
104,811,2
104,910,2
104,950,2
105,157,2
105,18,2
105,19,2
105,193,2
105,20,2
105,224,2
105,27,2
105,29,2
105,30,2
105,32,2
105,680,2
105,691,2
105,811,2
105,910,2
105,950,2
108,124,2
108,18,2
108,19,2
108,522,2
108,550,2
108,556,2
108,587,2
108,588,2
108,823,2
108,84,2
108,89,2
108,950,2
117,49,2
119,153,2
119,204,2
119,214,2
119,249,2
119,390,2
119,515,2
119,539,2
119,543,2
119,662,2
119,699,2
119,930,2
121,125,2
121,140,2
121,147,2
121,148,2
121,212,2
121,240,2
121,335,2
121,36,2
121,426,2
121,434,2
121,466,2
121,477,2
121,577,2
121,77,2
121,78,2
121,838,2
123,810,2
124,517,2
124,550,2
124,92,2
125,200,2
125,213,2
125,290,2
125,330,2
125,543,2
125,557,2
126,327,2
128,346,2
128,810,2
128,816,2
128,912,2
135,196,2
135,477,2
140,200,2
140,213,2
140,290,2
140,330,2
140,543,2
140,557,2
140,920,2
147,200,2
147,213,2
147,290,2
147,330,2
147,543,2
147,557,2
147,920,2
148,200,2
148,213,2
148,290,2
148,330,2
148,543,2
148,557,2
148,920,2
149,423,2
149,442,2
15,193,2
15,224,2
15,233,2
15,29,2
15,30,2
15,32,2
15,33,2
152,193,2
152,224,2
152,29,2
152,30,2
152,32,2
152,33,2
152,811,2
153,49,2
154,53,2
156,20,2
156,550,2
156,587,2
156,828,2
157,171,2
157,285,2
157,374,2
157,465,2
157,471,2
157,484,2
157,485,2
157,490,2
157,680,2
157,681,2
157,72,2
157,811,2
157,950,2
168,290,2
168,515,2
168,539,2
168,584,2
168,602,2
168,608,2
168,660,2
168,800,2
17,480,2
17,486,2
17,5,2
17,6,2
17,7,2
171,18,2
171,19,2
171,193,2
171,20,2
171,224,2
171,27,2
171,29,2
171,30,2
171,32,2
171,680,2
171,691,2
171,811,2
171,910,2
171,950,2
18,285,2
18,374,2
18,465,2
18,471,2
18,484,2
18,485,2
18,72,2
18,92,2
18,940,2
19,285,2
19,374,2
19,465,2
19,471,2
19,484,2
19,485,2
19,72,2
19,92,2
19,940,2
193,234,2
193,285,2
193,374,2
193,465,2
193,471,2
193,484,2
193,485,2
193,508,2
193,523,2
193,72,2
193,887,2
196,742,2
20,285,2
20,374,2
20,465,2
20,471,2
20,484,2
20,485,2
20,522,2
20,556,2
20,72,2
20,823,2
20,89,2
20,940,2
200,212,2
200,240,2
200,335,2
200,426,2
200,434,2
200,477,2
200,485,2
200,577,2
200,77,2
200,78,2
202,302,2
202,305,2
202,321,2
202,36,2
202,466,2
202,551,2
202,811,2
202,82,2
202,838,2
202,909,2
202,946,2
202,971,2
202,975,2
202,981,2
202,982,2
202,983,2
202,984,2
202,985,2
202,987,2
204,277,2
204,302,2
204,390,2
204,505,2
204,54,2
204,555,2
206,485,2
206,74,2
206,818,2
206,838,2
207,595,2
207,596,2
207,812,2
207,817,2
21,23,2
21,27,2
212,330,2
212,543,2
212,777,2
213,240,2
213,335,2
213,426,2
213,434,2
213,477,2
213,577,2
213,77,2
213,777,2
213,78,2
214,313,2
214,359,2
214,49,2
224,234,2
224,285,2
224,374,2
224,465,2
224,471,2
224,484,2
224,485,2
224,508,2
224,517,2
224,72,2
224,873,2
224,887,2
23,233,2
23,29,2
23,30,2
23,32,2
23,33,2
23,671,2
23,811,2
23,910,2
23,950,2
233,550,2
233,587,2
233,588,2
234,41,2
234,42,2
234,44,2
234,45,2
234,46,2
234,811,2
24,305,2
24,321,2
24,551,2
24,82,2
24,909,2
24,946,2
24,971,2
24,975,2
24,981,2
24,982,2
24,983,2
24,984,2
24,985,2
24,987,2
240,290,2
240,330,2
240,543,2
240,557,2
240,920,2
249,359,2
249,49,2
249,559,2
249,584,2
25,305,2
25,321,2
25,517,2
25,522,2
25,551,2
25,82,2
25,877,2
25,909,2
25,946,2
25,971,2
25,975,2
25,981,2
25,982,2
25,983,2
25,984,2
25,985,2
25,987,2
253,36,2
253,466,2
253,838,2
27,285,2
27,36,2
27,374,2
27,465,2
27,471,2
27,484,2
27,485,2
27,490,2
27,72,2
27,838,2
27,940,2
277,697,2
277,806,2
277,858,2
28,321,2
28,82,2
28,9,2
284,417,2
285,29,2
285,30,2
285,32,2
285,441,2
285,472,2
285,680,2
285,691,2
285,811,2
285,871,2
285,910,2
285,950,2
29,374,2
29,465,2
29,471,2
29,484,2
29,485,2
29,508,2
29,550,2
29,587,2
29,588,2
29,72,2
29,887,2
290,335,2
290,426,2
290,434,2
290,477,2
290,577,2
290,77,2
290,78,2
290,963,2
295,346,2
295,810,2
295,816,2
295,853,2
295,912,2
30,374,2
30,465,2
30,471,2
30,484,2
30,485,2
30,508,2
30,550,2
30,587,2
30,588,2
30,72,2
30,887,2
302,910,2
302,920,2
302,940,2
302,950,2
303,441,2
303,472,2
303,72,2
303,871,2
304,441,2
304,72,2
304,871,2
305,977,2
311,517,2
311,681,2
311,879,2
313,328,2
313,330,2
313,365,2
313,515,2
313,559,2
313,963,2
314,565,2
314,566,2
314,585,2
32,374,2
32,465,2
32,471,2
32,484,2
32,485,2
32,508,2
32,550,2
32,587,2
32,588,2
32,72,2
32,887,2
321,977,2
33,508,2
33,550,2
33,587,2
33,588,2
33,887,2
33,940,2
330,335,2
330,426,2
330,434,2
330,477,2
330,534,2
330,577,2
330,598,2
330,77,2
330,78,2
335,543,2
335,557,2
335,920,2
338,365,2
338,930,2
342,810,2
346,535,2
346,695,2
346,817,2
346,853,2
346,912,2
35,940,2
353,484,2
353,74,2
353,805,2
353,940,2
359,515,2
359,930,2
359,963,2
36,441,2
36,465,2
36,471,2
36,476,2
36,536,2
36,671,2
36,676,2
36,805,2
36,818,2
36,871,2
36,874,2
36,875,2
36,876,2
36,878,2
36,910,2
36,920,2
36,940,2
36,950,2
364,515,2
364,53,2
364,539,2
364,543,2
364,930,2
365,498,2
367,49,2
374,441,2
374,472,2
374,680,2
374,691,2
374,811,2
374,871,2
374,910,2
374,950,2
41,418,2
418,42,2
418,441,2
418,46,2
418,465,2
418,471,2
418,476,2
418,536,2
418,671,2
418,676,2
418,805,2
418,818,2
418,871,2
418,874,2
418,875,2
418,876,2
418,878,2
423,751,2
423,853,2
426,543,2
426,557,2
426,920,2
428,698,2
428,748,2
434,543,2
434,557,2
434,920,2
441,671,2
441,818,2
441,878,2
442,751,2
442,853,2
443,810,2
465,671,2
465,680,2
465,691,2
465,811,2
465,910,2
465,950,2
466,74,2
466,866,2
466,910,2
466,920,2
466,940,2
466,950,2
470,930,2
471,671,2
471,680,2
471,691,2
471,811,2
471,910,2
471,950,2
476,671,2
476,72,2
476,818,2
477,543,2
477,557,2
477,742,2
477,920,2
480,483,2
480,671,2
480,690,2
480,873,2
480,946,2
483,486,2
483,5,2
483,510,2
483,551,2
483,6,2
483,650,2
483,7,2
483,950,2
484,680,2
484,691,2
484,811,2
484,818,2
484,910,2
484,950,2
485,539,2
485,680,2
485,811,2
485,950,2
486,671,2
486,690,2
486,873,2
486,946,2
49,54,2
49,57,2
49,58,2
49,59,2
49,60,2
49,64,2
49,662,2
49,699,2
490,520,2
490,89,2
490,950,2
491,705,2
491,728,2
491,887,2
498,555,2
498,565,2
498,566,2
498,584,2
498,585,2
5,671,2
5,690,2
5,873,2
5,946,2
501,534,2
501,555,2
502,555,2
502,597,2
503,555,2
504,534,2
504,555,2
508,811,2
510,946,2
513,555,2
515,53,2
515,534,2
515,560,2
515,564,2
517,873,2
517,945,2
517,946,2
520,680,2
522,523,2
522,873,2
522,92,2
523,671,2
523,84,2
524,84,2
53,539,2
53,543,2
53,555,2
53,560,2
53,564,2
53,930,2
533,558,2
534,568,2
535,810,2
536,671,2
536,72,2
539,560,2
539,564,2
539,963,2
543,560,2
543,564,2
543,577,2
543,598,2
543,77,2
543,78,2
547,816,2
547,817,2
550,811,2
550,84,2
550,92,2
551,977,2
555,599,2
556,587,2
556,92,2
557,577,2
557,77,2
557,78,2
559,565,2
559,566,2
559,585,2
560,930,2
564,930,2
575,950,2
577,920,2
587,811,2
587,877,2
587,89,2
587,92,2
588,811,2
588,92,2
596,816,2
597,598,2
6,671,2
6,690,2
6,873,2
6,946,2
602,963,2
608,848,2
608,963,2
650,946,2
653,831,2
653,832,2
653,833,2
660,963,2
671,676,2
671,7,2
671,805,2
671,818,2
671,838,2
671,866,2
671,871,2
671,874,2
671,875,2
671,876,2
671,878,2
676,72,2
676,818,2
680,72,2
680,811,2
680,84,2
680,877,2
680,930,2
681,930,2
681,945,2
681,946,2
684,8,2
684,9,2
690,7,2
691,72,2
691,811,2
695,810,2
695,816,2
695,853,2
695,912,2
7,873,2
707,709,2
707,712,2
707,728,2
72,805,2
72,811,2
72,838,2
72,874,2
72,875,2
72,876,2
72,910,2
72,950,2
751,853,2
762,883,2
77,920,2
78,920,2
8,883,2
800,963,2
805,818,2
808,828,2
810,817,2
810,853,2
810,912,2
811,887,2
811,930,2
816,912,2
817,912,2
818,838,2
818,871,2
818,874,2
818,875,2
818,876,2
82,977,2
823,92,2
831,936,2
832,936,2
833,936,2
834,835,2
834,837,2
834,936,2
838,878,2
838,910,2
838,920,2
838,940,2
838,950,2
84,92,2
871,878,2
874,878,2
875,878,2
876,878,2
879,945,2
879,946,2
883,9,2
883,961,2
89,92,2
909,977,2
92,950,2
920,963,2
940,951,2
946,977,2
971,977,2
975,977,2
977,981,2
977,982,2
977,983,2
977,984,2
977,985,2
977,987,2
10,152,1
10,167,1
10,233,1
10,284,1
10,305,1
10,311,1
10,321,1
10,417,1
10,508,1
10,551,1
10,675,1
10,684,1
10,8,1
10,82,1
10,883,1
10,887,1
10,909,1
10,969,1
10,971,1
10,975,1
10,981,1
10,982,1
10,983,1
10,984,1
10,985,1
10,987,1
102,121,1
102,125,1
102,140,1
102,147,1
102,148,1
102,154,1
102,200,1
102,213,1
102,240,1
102,290,1
102,335,1
102,364,1
102,418,1
102,426,1
102,434,1
102,475,1
102,477,1
102,53,1
102,54,1
102,560,1
102,564,1
102,577,1
102,602,1
102,608,1
102,660,1
102,77,1
102,78,1
102,800,1
102,912,1
102,920,1
104,15,1
104,152,1
104,21,1
104,35,1
104,441,1
104,475,1
104,508,1
104,550,1
104,587,1
104,588,1
104,671,1
104,681,1
104,871,1
104,887,1
105,15,1
105,152,1
105,21,1
105,35,1
105,508,1
105,550,1
105,587,1
105,588,1
105,681,1
105,887,1
108,16,1
108,21,1
108,523,1
108,524,1
108,575,1
108,579,1
108,681,1
114,565,1
114,566,1
114,584,1
114,585,1
114,949,1
119,154,1
119,290,1
119,533,1
119,558,1
119,800,1
121,18,1
121,19,1
121,20,1
121,27,1
121,430,1
121,435,1
121,501,1
121,502,1
121,504,1
121,532,1
121,547,1
121,598,1
121,662,1
124,157,1
124,16,1
124,18,1
124,19,1
124,21,1
124,27,1
124,490,1
124,524,1
124,681,1
124,950,1
125,447,1
125,501,1
125,502,1
125,504,1
125,598,1
125,662,1
126,212,1
126,213,1
128,535,1
135,147,1
135,148,1
135,212,1
135,213,1
135,240,1
135,426,1
135,434,1
135,535,1
136,147,1
136,148,1
136,212,1
136,213,1
136,426,1
136,434,1
137,147,1
137,148,1
137,212,1
137,213,1
137,240,1
137,426,1
137,434,1
137,535,1
140,258,1
140,430,1
140,435,1
140,501,1
140,502,1
140,504,1
140,532,1
140,535,1
140,598,1
140,662,1
140,741,1
140,847,1
147,197,1
147,501,1
147,502,1
147,504,1
147,598,1
147,662,1
147,742,1
148,197,1
148,501,1
148,502,1
148,504,1
148,598,1
148,662,1
148,742,1
15,171,1
15,23,1
15,285,1
15,374,1
15,465,1
15,471,1
15,484,1
15,485,1
15,520,1
15,575,1
15,72,1
152,171,1
152,23,1
152,284,1
152,285,1
152,374,1
152,417,1
152,465,1
152,471,1
152,484,1
152,72,1
154,168,1
154,364,1
154,498,1
154,501,1
154,502,1
154,503,1
154,504,1
154,513,1
154,515,1
154,534,1
154,539,1
154,543,1
154,555,1
154,560,1
154,564,1
154,599,1
154,930,1
156,16,1
156,18,1
156,19,1
156,21,1
156,516,1
156,671,1
156,681,1
156,873,1
156,950,1
157,21,1
157,234,1
157,470,1
157,522,1
157,671,1
157,823,1
157,84,1
157,89,1
157,940,1
16,21,1
16,522,1
16,556,1
16,587,1
16,588,1
16,681,1
16,823,1
16,89,1
16,92,1
16,950,1
167,202,1
167,24,1
167,25,1
167,305,1
167,311,1
167,321,1
167,5,1
167,510,1
167,6,1
167,650,1
167,675,1
167,684,1
167,7,1
167,82,1
167,883,1
167,909,1
167,945,1
167,946,1
167,971,1
167,975,1
167,977,1
167,981,1
167,982,1
167,983,1
167,984,1
167,985,1
167,987,1
168,214,1
168,364,1
168,418,1
168,475,1
168,53,1
168,534,1
168,555,1
168,560,1
168,564,1
168,662,1
168,699,1
17,8,1
17,969,1
171,176,1
171,177,1
171,206,1
171,21,1
171,35,1
171,508,1
171,536,1
171,550,1
171,587,1
171,588,1
171,681,1
171,887,1
176,465,1
176,676,1
176,709,1
176,784,1
177,465,1
177,676,1
18,193,1
18,202,1
18,224,1
18,233,1
18,234,1
18,253,1
18,29,1
18,30,1
18,302,1
18,32,1
18,33,1
18,36,1
18,466,1
18,470,1
18,522,1
18,556,1
18,691,1
18,823,1
18,838,1
18,84,1
18,89,1
18,920,1
18,930,1
19,193,1
19,202,1
19,224,1
19,233,1
19,234,1
19,253,1
19,29,1
19,30,1
19,302,1
19,32,1
19,33,1
19,36,1
19,466,1
19,470,1
19,522,1
19,556,1
19,680,1
19,691,1
19,823,1
19,838,1
19,84,1
19,89,1
19,920,1
19,930,1
193,20,1
193,21,1
193,470,1
193,940,1
196,258,1
196,741,1
196,847,1
197,212,1
197,213,1
197,240,1
197,426,1
197,434,1
197,535,1
20,202,1
20,224,1
20,233,1
20,234,1
20,253,1
20,29,1
20,30,1
20,302,1
20,32,1
20,33,1
20,36,1
20,466,1
20,470,1
20,691,1
20,838,1
20,920,1
20,930,1
200,417,1
200,430,1
200,435,1
200,501,1
200,502,1
200,504,1
200,532,1
200,598,1
200,662,1
202,27,1
202,35,1
202,481,1
202,675,1
202,684,1
202,8,1
202,828,1
202,883,1
202,951,1
204,290,1
204,533,1
204,558,1
204,570,1
204,602,1
204,608,1
204,660,1
204,800,1
204,828,1
206,36,1
206,418,1
206,466,1
206,671,1
206,828,1
207,557,1
207,558,1
207,559,1
207,598,1
207,619,1
207,750,1
207,757,1
207,850,1
207,920,1
21,224,1
21,233,1
21,285,1
21,29,1
21,30,1
21,32,1
21,33,1
21,374,1
21,465,1
21,471,1
21,484,1
21,485,1
21,490,1
21,522,1
21,556,1
21,72,1
21,823,1
21,84,1
21,89,1
21,92,1
21,920,1
21,930,1
21,940,1
212,222,1
212,258,1
212,313,1
212,326,1
212,361,1
212,487,1
212,741,1
212,742,1
212,847,1
212,853,1
212,920,1
213,222,1
213,258,1
213,326,1
213,361,1
213,487,1
213,501,1
213,502,1
213,504,1
213,598,1
213,662,1
213,741,1
213,742,1
213,847,1
213,853,1
221,322,1
221,327,1
224,470,1
224,940,1
23,35,1
23,508,1
23,681,1
23,887,1
23,930,1
23,951,1
232,808,1
232,828,1
233,27,1
233,284,1
234,302,1
234,34,1
234,39,1
234,417,1
234,838,1
234,951,1
24,481,1
24,675,1
24,684,1
24,8,1
24,811,1
24,883,1
24,950,1
240,501,1
240,502,1
240,504,1
240,598,1
240,662,1
240,742,1
247,547,1
249,338,1
25,481,1
25,675,1
25,684,1
25,8,1
25,811,1
25,883,1
25,950,1
253,27,1
253,912,1
253,963,1
258,577,1
258,77,1
258,78,1
259,338,1
27,29,1
27,30,1
27,302,1
27,32,1
27,33,1
27,466,1
27,516,1
27,522,1
27,671,1
27,823,1
27,84,1
27,873,1
27,89,1
27,920,1
27,930,1
277,602,1
277,608,1
277,660,1
28,762,1
28,8,1
284,466,1
284,475,1
284,508,1
284,876,1
284,887,1
285,35,1
285,475,1
285,508,1
285,550,1
285,587,1
285,588,1
285,671,1
285,681,1
285,74,1
285,838,1
285,887,1
29,940,1
290,430,1
290,435,1
290,501,1
290,502,1
290,504,1
290,532,1
290,533,1
290,558,1
290,598,1
290,662,1
295,535,1
30,940,1
302,602,1
302,608,1
302,660,1
302,697,1
302,806,1
302,858,1
303,485,1
303,74,1
303,838,1
303,866,1
304,485,1
304,74,1
304,838,1
304,869,1
305,480,1
305,483,1
305,675,1
305,684,1
305,883,1
305,945,1
305,946,1
311,483,1
311,675,1
311,684,1
311,883,1
311,950,1
313,565,1
313,566,1
313,584,1
313,585,1
313,930,1
315,365,1
315,515,1
316,365,1
316,515,1
317,449,1
32,940,1
321,480,1
321,483,1
321,684,1
321,883,1
321,945,1
321,946,1
326,447,1
329,447,1
329,817,1
330,430,1
330,435,1
330,532,1
330,557,1
335,501,1
335,502,1
335,504,1
335,598,1
335,662,1
338,565,1
338,566,1
338,584,1
338,585,1
338,59,1
34,811,1
344,547,1
346,428,1
346,595,1
346,596,1
346,602,1
346,608,1
346,660,1
346,800,1
346,820,1
346,827,1
346,920,1
35,374,1
35,465,1
35,471,1
35,484,1
35,485,1
35,72,1
35,910,1
35,920,1
35,950,1
359,557,1
359,559,1
36,472,1
36,485,1
364,418,1
364,475,1
364,498,1
364,501,1
364,502,1
364,503,1
364,504,1
364,513,1
364,534,1
364,599,1
374,475,1
374,508,1
374,550,1
374,587,1
374,588,1
374,671,1
374,681,1
374,74,1
374,838,1
374,869,1
374,887,1
39,811,1
390,533,1
390,558,1
390,800,1
41,811,1
41,951,1
417,466,1
417,508,1
417,515,1
417,539,1
417,887,1
418,472,1
418,485,1
418,498,1
418,501,1
418,502,1
418,503,1
418,504,1
418,513,1
418,515,1
418,53,1
418,534,1
418,539,1
418,543,1
418,555,1
418,560,1
418,564,1
418,599,1
418,930,1
42,811,1
42,951,1
426,501,1
426,502,1
426,504,1
426,598,1
426,662,1
426,742,1
428,810,1
428,816,1
430,543,1
430,577,1
430,77,1
430,777,1
430,78,1
434,501,1
434,502,1
434,504,1
434,598,1
434,662,1
434,742,1
435,543,1
435,577,1
435,77,1
435,777,1
435,78,1
44,811,1
44,951,1
441,465,1
441,466,1
441,470,1
441,471,1
441,485,1
441,490,1
441,515,1
441,940,1
447,529,1
447,535,1
447,602,1
447,608,1
447,660,1
447,800,1
447,853,1
447,912,1
447,920,1
45,811,1
45,951,1
46,811,1
46,951,1
465,466,1
465,508,1
465,550,1
465,587,1
465,588,1
465,681,1
465,838,1
465,871,1
465,874,1
465,875,1
465,876,1
465,887,1
466,471,1
466,476,1
466,485,1
466,536,1
466,671,1
466,676,1
466,805,1
466,818,1
466,871,1
466,874,1
466,875,1
466,876,1
466,878,1
470,671,1
470,811,1
470,871,1
471,508,1
471,550,1
471,587,1
471,588,1
471,681,1
471,838,1
471,871,1
471,874,1
471,875,1
471,876,1
471,887,1
472,485,1
472,671,1
472,869,1
475,498,1
475,501,1
475,502,1
475,503,1
475,504,1
475,513,1
475,515,1
475,53,1
475,534,1
475,539,1
475,543,1
475,555,1
475,560,1
475,564,1
475,599,1
475,866,1
475,869,1
475,874,1
475,875,1
475,930,1
476,485,1
477,501,1
477,502,1
477,504,1
477,598,1
477,662,1
480,675,1
480,684,1
480,82,1
480,883,1
480,909,1
480,971,1
480,975,1
480,981,1
480,982,1
480,983,1
480,984,1
480,985,1
480,987,1
481,811,1
481,945,1
481,946,1
481,977,1
483,8,1
483,811,1
483,82,1
483,909,1
483,945,1
483,946,1
483,969,1
483,971,1
483,975,1
483,981,1
483,982,1
483,983,1
483,984,1
483,985,1
483,987,1
484,508,1
484,550,1
484,587,1
484,588,1
484,681,1
484,887,1
485,536,1
485,550,1
485,587,1
485,588,1
485,610,1
485,671,1
485,676,1
485,681,1
485,805,1
485,823,1
485,828,1
485,838,1
485,871,1
485,874,1
485,875,1
485,876,1
485,877,1
485,879,1
485,891,1
49,681,1
49,811,1
49,940,1
490,522,1
490,550,1
490,556,1
490,587,1
490,588,1
490,671,1
490,681,1
490,691,1
490,823,1
490,84,1
490,871,1
491,808,1
498,53,1
498,54,1
498,560,1
498,564,1
5,675,1
5,684,1
5,883,1
501,53,1
501,54,1
501,560,1
501,564,1
501,577,1
501,602,1
501,608,1
501,660,1
501,77,1
501,78,1
501,800,1
501,912,1
501,920,1
502,53,1
502,54,1
502,560,1
502,564,1
502,577,1
502,602,1
502,608,1
502,660,1
502,77,1
502,78,1
502,800,1
502,912,1
502,920,1
503,53,1
503,534,1
503,54,1
503,557,1
503,560,1
503,564,1
503,598,1
504,53,1
504,54,1
504,560,1
504,564,1
504,577,1
504,602,1
504,608,1
504,660,1
504,77,1
504,78,1
504,800,1
504,912,1
504,920,1
505,602,1
505,608,1
505,660,1
505,697,1
505,806,1
505,858,1
508,72,1
510,675,1
510,684,1
510,883,1
510,969,1
513,53,1
513,534,1
513,54,1
513,557,1
513,560,1
513,564,1
513,598,1
515,671,1
515,869,1
515,871,1
516,556,1
517,520,1
517,84,1
520,587,1
520,681,1
520,811,1
520,950,1
522,681,1
522,950,1
523,92,1
523,950,1
524,587,1
524,92,1
524,950,1
529,817,1
53,534,1
53,599,1
532,543,1
532,577,1
532,77,1
532,777,1
532,78,1
533,800,1
534,539,1
534,555,1
534,557,1
534,560,1
534,564,1
534,662,1
534,930,1
535,577,1
535,695,1
535,742,1
535,77,1
535,78,1
535,816,1
535,817,1
536,869,1
539,556,1
54,599,1
54,602,1
54,608,1
54,660,1
54,697,1
54,806,1
54,858,1
543,557,1
547,821,1
550,72,1
551,675,1
551,684,1
551,811,1
551,883,1
555,602,1
555,608,1
555,660,1
555,697,1
555,806,1
555,858,1
556,681,1
556,873,1
556,950,1
557,599,1
557,699,1
558,800,1
559,597,1
559,599,1
559,699,1
560,599,1
564,599,1
565,949,1
565,966,1
566,949,1
566,966,1
575,681,1
575,811,1
575,84,1
575,92,1
577,598,1
577,662,1
577,741,1
577,847,1
579,92,1
579,950,1
584,949,1
584,966,1
585,949,1
585,966,1
587,72,1
588,671,1
588,72,1
595,810,1
595,853,1
596,810,1
596,853,1
596,912,1
597,662,1
598,602,1
598,608,1
598,660,1
598,77,1
598,78,1
598,800,1
598,912,1
598,920,1
6,675,1
6,684,1
6,883,1
602,662,1
602,697,1
602,806,1
602,810,1
602,816,1
602,858,1
608,662,1
608,697,1
608,806,1
608,810,1
608,816,1
608,858,1
610,650,1
650,675,1
650,684,1
650,883,1
650,92,1
650,969,1
660,662,1
660,664,1
660,665,1
660,697,1
660,744,1
660,750,1
660,806,1
660,810,1
660,816,1
660,858,1
661,664,1
661,665,1
661,750,1
662,77,1
662,78,1
662,800,1
662,912,1
662,920,1
664,665,1
664,666,1
664,750,1
665,666,1
666,750,1
671,72,1
671,8,1
671,940,1
671,969,1
675,684,1
675,7,1
675,82,1
675,883,1
675,909,1
675,945,1
675,946,1
675,971,1
675,977,1
675,981,1
675,982,1
675,984,1
680,951,1
681,72,1
681,823,1
681,84,1
681,89,1
681,92,1
684,7,1
684,945,1
684,946,1
684,971,1
684,977,1
690,8,1
690,969,1
692,709,1
692,712,1
695,698,1
695,748,1
695,848,1
697,719,1
697,828,1
698,826,1
698,827,1
7,883,1
719,806,1
72,74,1
72,866,1
72,887,1
741,77,1
741,78,1
744,752,1
745,750,1
748,826,1
748,827,1
751,817,1
760,762,1
761,762,1
762,906,1
77,847,1
78,847,1
8,873,1
8,969,1
8,977,1
800,810,1
800,816,1
806,828,1
810,820,1
810,827,1
810,920,1
811,920,1
811,977,1
816,820,1
816,827,1
816,920,1
82,945,1
82,946,1
823,950,1
827,848,1
828,858,1
84,950,1
869,874,1
869,876,1
869,878,1
871,940,1
873,969,1
883,909,1
883,945,1
883,946,1
883,971,1
883,977,1
89,950,1
909,945,1
909,946,1
910,951,1
945,971,1
945,975,1
945,981,1
945,982,1
945,983,1
945,984,1
945,985,1
945,987,1
946,971,1
946,975,1
946,981,1
946,982,1
946,983,1
946,984,1
946,985,1
946,987,1
950,951,1
950,977,1
