route_1,route_2,common_stop_count
10,121,2
10,152,1
10,167,1
10,17,2
10,202,4
10,233,1
10,24,4
10,25,5
10,253,4
10,284,1
10,302,4
10,305,1
10,311,1
10,321,1
10,35,2
10,417,1
10,480,4
10,486,3
10,5,4
10,508,1
10,510,4
10,551,1
10,6,4
10,650,5
10,671,2
10,675,1
10,684,1
10,690,2
10,7,4
10,8,1
10,811,2
10,82,1
10,873,2
10,883,1
10,887,1
10,909,1
10,945,3
10,946,2
10,951,4
10,969,1
10,971,1
10,975,1
10,977,5
10,981,1
10,982,1
10,983,1
10,984,1
10,985,1
10,987,1
102,121,1
102,125,1
102,140,1
102,147,1
102,148,1
102,154,1
102,168,6
102,200,1
102,213,1
102,214,10
102,240,1
102,249,10
102,290,1
102,330,8
102,335,1
102,338,7
102,359,9
102,364,1
102,418,1
102,426,1
102,434,1
102,475,1
102,477,1
102,498,17
102,501,28
102,502,37
102,503,22
102,504,29
102,513,22
102,515,11
102,53,1
102,534,2
102,539,9
102,54,1
102,543,20
102,555,2
102,557,14
102,560,1
102,564,1
102,577,1
102,598,15
102,599,22
102,602,1
102,608,1
102,660,1
102,662,32
102,699,17
102,77,1
102,78,1
102,800,1
102,912,1
102,920,1
102,930,11
102,963,4
104,105,13
104,15,1
104,152,1
104,157,2
104,171,14
104,176,6
104,177,6
104,18,2
104,19,2
104,193,2
104,20,2
104,206,17
104,21,1
104,224,2
104,23,4
104,233,10
104,234,9
104,27,2
104,284,31
104,285,55
104,29,2
104,30,2
104,303,11
104,304,19
104,32,2
104,33,3
104,35,1
104,353,3
104,374,30
104,441,1
104,465,21
104,470,33
104,471,21
104,472,5
104,475,1
104,476,19
104,484,13
104,485,15
104,490,27
104,508,1
104,515,22
104,536,18
104,550,1
104,587,1
104,588,1
104,671,1
104,676,18
104,680,2
104,681,1
104,691,2
104,72,17
104,805,18
104,811,2
104,866,41
104,869,21
104,871,1
104,874,14
104,875,36
104,876,8
104,878,5
104,887,1
104,910,2
104,940,39
104,950,2
105,15,1
105,152,1
105,157,2
105,171,33
105,18,2
105,19,2
105,193,2
105,20,2
105,21,1
105,224,2
105,23,4
105,233,20
105,234,9
105,27,2
105,285,13
105,29,2
105,30,2
105,32,2
105,33,3
105,35,1
105,374,13
105,417,20
105,465,13
105,470,9
105,471,13
105,484,23
105,485,12
105,490,3
105,508,1
105,550,1
105,587,1
105,588,1
105,671,10
105,680,2
105,681,1
105,691,2
105,72,14
105,74,4
105,805,19
105,811,2
105,887,1
105,910,2
105,940,11
105,950,2
108,124,2
108,152,9
108,156,9
108,157,8
108,16,1
108,18,2
108,19,2
108,200,3
108,21,1
108,27,8
108,490,6
108,508,9
108,522,2
108,523,1
108,524,1
108,539,3
108,550,2
108,556,2
108,575,1
108,579,1
108,587,2
108,588,2
108,681,1
108,691,6
108,823,2
108,84,2
108,887,9
108,89,2
108,910,9
108,92,14
108,950,2
111,114,4
111,314,7
111,317,21
111,67,16
111,949,6
111,966,21
111,988,21
114,314,14
114,317,4
114,565,1
114,566,1
114,584,1
114,585,1
114,67,4
114,949,1
114,966,5
114,988,4
117,153,11
117,154,4
117,214,11
117,249,11
117,277,4
117,302,29
117,317,35
117,364,11
117,367,36
117,418,7
117,44,7
117,45,7
117,49,2
117,505,9
117,53,16
117,54,11
117,560,16
117,564,5
117,57,27
117,58,17
117,59,11
117,60,47
117,64,35
117,662,11
117,699,11
119,153,2
119,154,1
119,204,2
119,214,2
119,249,2
119,259,3
119,290,1
119,390,2
119,505,16
119,515,2
119,53,19
119,533,1
119,539,2
119,54,25
119,543,2
119,555,25
119,558,1
119,57,19
119,59,5
119,662,2
119,699,2
119,800,1
119,930,2
121,125,2
121,126,7
121,135,7
121,136,7
121,137,7
121,140,2
121,147,2
121,148,2
121,18,1
121,19,1
121,196,6
121,197,7
121,20,1
121,200,46
121,202,6
121,212,2
121,213,6
121,222,7
121,229,7
121,240,2
121,253,16
121,258,7
121,27,1
121,290,20
121,302,4
121,322,7
121,326,7
121,327,7
121,330,20
121,335,2
121,35,3
121,36,2
121,361,7
121,423,7
121,426,2
121,428,7
121,429,7
121,430,1
121,434,2
121,435,1
121,442,7
121,443,7
121,445,7
121,446,7
121,447,7
121,466,2
121,477,2
121,487,7
121,501,1
121,502,1
121,504,1
121,532,1
121,543,20
121,547,1
121,577,2
121,595,7
121,598,1
121,602,5
121,608,5
121,660,5
121,662,1
121,741,7
121,742,7
121,77,2
121,777,35
121,78,2
121,800,5
121,811,4
121,820,7
121,821,36
121,827,7
121,838,2
121,847,7
121,853,7
121,910,6
121,912,9
121,920,33
121,930,6
121,940,6
121,950,6
121,951,9
121,963,3
123,149,8
123,247,8
123,329,8
123,342,31
123,344,8
123,346,3
123,423,4
123,442,15
123,443,22
123,446,3
123,529,8
123,595,4
123,751,8
123,810,2
123,816,29
124,156,5
124,157,1
124,16,1
124,18,1
124,19,1
124,193,6
124,20,6
124,21,1
124,224,4
124,23,6
124,27,1
124,490,1
124,517,2
124,522,9
124,524,1
124,550,2
124,556,5
124,587,16
124,588,11
124,680,6
124,681,1
124,823,9
124,84,9
124,879,8
124,89,5
124,92,2
124,950,1
125,126,9
125,140,26
125,147,27
125,148,26
125,200,2
125,213,2
125,222,5
125,240,28
125,247,5
125,290,2
125,322,28
125,326,52
125,327,11
125,330,2
125,335,23
125,426,54
125,430,15
125,434,28
125,447,1
125,477,23
125,501,1
125,502,1
125,504,1
125,535,5
125,543,2
125,557,2
125,577,28
125,598,1
125,602,13
125,608,13
125,660,13
125,662,1
125,77,27
125,78,27
125,800,13
125,853,5
125,912,13
125,920,7
126,135,21
126,136,21
126,137,21
126,197,21
126,200,7
126,212,1
126,213,1
126,222,26
126,258,21
126,290,7
126,326,31
126,327,2
126,330,7
126,361,17
126,430,14
126,435,14
126,487,21
126,532,14
126,535,5
126,543,7
126,602,5
126,608,5
126,660,5
126,741,21
126,742,21
126,777,7
126,800,5
126,847,21
126,853,26
126,912,5
126,920,26
128,295,7
128,346,2
128,428,44
128,535,1
128,595,6
128,596,6
128,602,22
128,608,12
128,660,22
128,695,13
128,698,6
128,748,6
128,749,39
128,800,22
128,810,2
128,816,2
128,817,6
128,820,6
128,826,21
128,827,12
128,848,24
128,853,3
128,912,2
128,920,6
135,136,21
135,137,33
135,147,1
135,148,1
135,196,2
135,197,28
135,200,7
135,212,1
135,213,1
135,222,21
135,240,1
135,258,22
135,290,7
135,326,21
135,330,7
135,335,18
135,361,17
135,426,1
135,430,15
135,434,1
135,435,15
135,477,2
135,487,21
135,532,15
135,535,1
135,537,16
135,543,7
135,577,21
135,741,22
135,742,60
135,77,7
135,777,7
135,78,11
135,847,22
135,853,21
135,920,21
136,137,21
136,140,13
136,147,1
136,148,1
136,197,21
136,200,7
136,212,1
136,213,1
136,222,21
136,240,24
136,258,22
136,290,7
136,326,21
136,330,7
136,361,18
136,426,1
136,430,21
136,434,1
136,435,15
136,487,22
136,532,15
136,535,5
136,543,7
136,741,26
136,742,21
136,777,7
136,847,22
136,853,21
136,920,22
137,147,1
137,148,1
137,197,26
137,200,7
137,212,1
137,213,1
137,222,21
137,240,1
137,258,22
137,290,7
137,326,21
137,330,7
137,361,17
137,426,1
137,430,15
137,434,1
137,435,15
137,487,21
137,532,15
137,535,1
137,537,22
137,543,7
137,577,11
137,741,22
137,742,33
137,77,5
137,777,7
137,78,32
137,847,22
137,853,21
137,920,21
140,147,27
140,148,27
140,200,2
140,213,2
140,240,28
140,258,1
140,290,2
140,330,2
140,335,21
140,426,27
140,430,1
140,434,27
140,435,1
140,477,21
140,501,1
140,502,1
140,504,1
140,532,1
140,535,1
140,543,2
140,557,2
140,577,26
140,598,1
140,602,8
140,608,8
140,660,8
140,662,1
140,741,1
140,77,26
140,78,26
140,800,8
140,847,1
140,912,8
140,920,2
147,148,30
147,197,1
147,200,2
147,213,2
147,240,31
147,258,4
147,290,2
147,330,2
147,335,23
147,426,31
147,430,4
147,434,32
147,435,4
147,477,22
147,501,1
147,502,1
147,504,1
147,532,14
147,535,4
147,537,3
147,543,2
147,557,2
147,577,28
147,598,1
147,602,8
147,608,8
147,660,8
147,662,1
147,741,4
147,742,1
147,77,28
147,78,28
147,800,8
147,847,29
147,912,8
147,920,2
148,197,1
148,200,2
148,213,2
148,240,30
148,258,30
148,290,2
148,330,2
148,335,21
148,426,31
148,430,4
148,434,30
148,435,4
148,477,21
148,501,1
148,502,1
148,504,1
148,532,8
148,535,4
148,537,3
148,543,2
148,557,2
148,577,27
148,598,1
148,602,8
148,608,8
148,660,8
148,662,1
148,741,4
148,742,1
148,77,27
148,78,28
148,800,8
148,847,4
148,912,8
148,920,2
149,247,8
149,329,8
149,342,8
149,344,8
149,423,2
149,442,2
149,529,8
149,595,4
149,751,19
149,777,4
149,816,13
149,817,5
149,853,6
15,152,6
15,157,4
15,171,1
15,18,5
15,19,5
15,193,2
15,20,7
15,21,4
15,224,2
15,23,1
15,233,2
15,27,3
15,285,1
15,29,2
15,30,2
15,32,2
15,33,2
15,374,1
15,465,1
15,471,1
15,484,1
15,485,1
15,508,6
15,520,1
15,550,6
15,575,1
15,587,6
15,588,6
15,681,10
15,72,1
15,811,5
15,887,6
15,910,4
15,950,9
152,156,10
152,157,14
152,171,1
152,18,5
152,19,5
152,193,2
152,20,5
152,200,29
152,202,6
152,204,6
152,206,6
152,21,3
152,224,2
152,23,1
152,233,3
152,27,13
152,284,1
152,285,1
152,29,2
152,30,2
152,32,2
152,33,2
152,353,33
152,374,1
152,417,1
152,465,1
152,471,1
152,484,1
152,485,3
152,490,4
152,491,14
152,508,42
152,510,33
152,516,5
152,539,23
152,550,7
152,587,7
152,588,6
152,610,4
152,681,4
152,691,59
152,697,6
152,72,1
152,806,6
152,808,6
152,811,2
152,823,4
152,828,21
152,858,6
152,877,4
152,879,4
152,887,43
152,891,14
152,910,67
152,92,17
152,950,4
153,154,18
153,214,11
153,249,11
153,302,11
153,367,11
153,418,7
153,44,7
153,45,7
153,49,2
153,505,3
153,53,5
153,54,11
153,57,16
153,58,11
153,59,11
153,60,11
153,64,11
153,662,11
153,699,11
154,168,1
154,214,4
154,249,4
154,302,4
154,364,1
154,367,4
154,418,7
154,475,7
154,498,1
154,501,1
154,502,1
154,503,1
154,504,1
154,513,1
154,515,1
154,53,2
154,534,1
154,539,1
154,54,4
154,543,1
154,555,1
154,560,1
154,564,1
154,57,5
154,58,4
154,59,4
154,599,1
154,60,4
154,64,4
154,662,4
154,699,4
154,930,1
156,157,23
156,16,1
156,18,1
156,19,1
156,20,2
156,200,6
156,21,1
156,27,26
156,490,3
156,508,10
156,516,1
156,522,5
156,539,7
156,550,2
156,556,19
156,587,2
156,588,5
156,671,1
156,681,1
156,691,9
156,823,5
156,828,2
156,84,5
156,873,1
156,879,10
156,887,10
156,89,5
156,910,10
156,92,12
156,950,1
157,171,2
157,18,3
157,19,3
157,193,5
157,20,3
157,200,6
157,21,1
157,224,5
157,23,4
157,233,3
157,234,1
157,27,28
157,285,2
157,29,3
157,30,3
157,32,3
157,33,3
157,374,2
157,465,2
157,470,1
157,471,2
157,484,2
157,485,2
157,490,2
157,508,14
157,522,1
157,539,6
157,550,5
157,556,11
157,587,5
157,588,5
157,610,4
157,671,1
157,680,2
157,681,2
157,691,11
157,72,2
157,811,2
157,823,1
157,828,14
157,84,1
157,879,24
157,887,14
157,89,1
157,910,12
157,92,19
157,940,1
157,950,2
16,18,12
16,19,15
16,20,17
16,21,1
16,490,3
16,517,5
16,520,29
16,522,1
16,523,20
16,524,20
16,556,1
16,575,9
16,579,11
16,587,1
16,588,1
16,680,9
16,681,1
16,823,1
16,84,12
16,879,10
16,89,1
16,92,1
16,950,1
167,202,1
167,24,1
167,25,1
167,305,1
167,311,1
167,321,1
167,480,13
167,5,1
167,510,1
167,551,13
167,6,1
167,650,1
167,675,1
167,684,1
167,7,1
167,82,1
167,883,1
167,909,1
167,945,1
167,946,1
167,950,12
167,969,12
167,971,1
167,975,1
167,977,1
167,981,1
167,982,1
167,983,1
167,984,1
167,985,1
167,987,1
168,214,1
168,249,44
168,290,2
168,364,1
168,365,7
168,418,1
168,475,1
168,498,3
168,501,6
168,502,6
168,503,6
168,504,6
168,513,6
168,515,2
168,53,1
168,534,1
168,539,2
168,543,3
168,555,1
168,559,4
168,560,1
168,564,1
168,565,13
168,566,13
168,568,43
168,570,8
168,584,2
168,585,11
168,599,6
168,602,2
168,608,2
168,660,2
168,662,1
168,699,1
168,800,2
168,930,3
17,202,4
17,24,10
17,25,4
17,480,2
17,486,2
17,5,2
17,510,4
17,517,21
17,522,21
17,6,2
17,650,4
17,671,5
17,690,5
17,7,2
17,8,1
17,873,5
17,877,21
17,969,1
17,977,4
171,176,1
171,177,1
171,18,2
171,19,2
171,193,2
171,20,2
171,206,1
171,21,1
171,213,3
171,224,2
171,23,4
171,233,20
171,234,9
171,27,2
171,277,9
171,285,13
171,29,2
171,290,3
171,30,2
171,304,7
171,32,2
171,33,3
171,35,1
171,353,7
171,374,13
171,390,3
171,412,7
171,417,47
171,465,22
171,470,15
171,471,21
171,472,7
171,476,31
171,484,23
171,485,12
171,490,10
171,508,1
171,515,7
171,536,1
171,550,1
171,587,1
171,588,1
171,671,10
171,676,32
171,680,2
171,681,1
171,690,3
171,691,2
171,72,13
171,74,4
171,805,4
171,811,2
171,878,6
171,887,1
171,910,2
171,940,11
171,950,2
176,177,31
176,206,11
176,277,11
176,304,10
176,353,9
176,465,1
176,470,8
176,472,7
176,490,8
176,515,7
176,536,12
176,676,1
176,709,1
176,784,1
176,866,5
176,869,5
176,878,7
176,940,10
177,206,11
177,277,10
177,304,10
177,353,9
177,465,1
177,470,8
177,472,7
177,490,8
177,515,7
177,536,12
177,676,1
177,866,5
177,869,5
177,878,7
177,940,10
18,19,22
18,193,1
18,20,15
18,202,1
18,21,5
18,224,1
18,23,3
18,233,1
18,234,1
18,253,1
18,27,7
18,285,2
18,29,1
18,30,1
18,302,1
18,32,1
18,33,1
18,36,1
18,374,2
18,465,2
18,466,1
18,470,1
18,471,2
18,484,2
18,485,2
18,490,4
18,508,5
18,517,4
18,520,12
18,522,1
18,523,15
18,524,15
18,550,5
18,556,1
18,575,31
18,579,38
18,587,5
18,588,6
18,680,4
18,681,7
18,691,1
18,72,2
18,811,6
18,823,1
18,838,1
18,84,1
18,879,12
18,887,5
18,89,1
18,910,6
18,92,2
18,920,1
18,930,1
18,940,2
18,950,8
19,193,1
19,20,10
19,202,1
19,21,5
19,224,1
19,23,3
19,233,1
19,234,1
19,253,1
19,27,7
19,285,2
19,29,1
19,30,1
19,302,1
19,32,1
19,33,1
19,36,1
19,374,2
19,465,2
19,466,1
19,470,1
19,471,2
19,484,2
19,485,2
19,490,4
19,508,5
19,520,14
19,522,1
19,523,21
19,524,21
19,550,5
19,556,1
19,575,11
19,579,11
19,587,5
19,588,6
19,680,1
19,681,7
19,691,1
19,72,2
19,811,6
19,823,1
19,838,1
19,84,1
19,879,16
19,887,5
19,89,1
19,910,6
19,92,2
19,920,1
19,930,1
19,940,2
19,950,8
193,20,1
193,21,1
193,224,27
193,23,24
193,233,3
193,234,2
193,27,3
193,285,2
193,29,3
193,30,3
193,32,3
193,33,3
193,374,2
193,465,2
193,470,1
193,471,2
193,484,2
193,485,2
193,508,2
193,517,7
193,522,34
193,523,2
193,524,35
193,550,7
193,556,5
193,587,12
193,588,18
193,671,20
193,680,24
193,691,4
193,72,2
193,823,16
193,873,19
193,877,23
193,879,4
193,887,2
193,89,4
193,940,1
196,197,28
196,200,6
196,258,1
196,290,6
196,330,6
196,335,15
196,477,34
196,537,6
196,543,6
196,577,21
196,741,1
196,742,2
196,77,27
196,847,1
196,920,6
197,200,7
197,212,1
197,213,1
197,222,21
197,240,1
197,258,23
197,290,7
197,326,21
197,330,7
197,335,8
197,361,17
197,426,1
197,430,15
197,434,1
197,435,15
197,477,27
197,487,21
197,532,15
197,535,1
197,537,19
197,543,7
197,577,26
197,741,23
197,742,28
197,77,44
197,777,7
197,78,5
197,847,23
197,853,21
197,920,21
20,202,1
20,21,4
20,224,1
20,23,3
20,233,1
20,234,1
20,253,1
20,27,7
20,285,2
20,29,1
20,30,1
20,302,1
20,32,1
20,33,1
20,36,1
20,374,2
20,465,2
20,466,1
20,470,1
20,471,2
20,484,2
20,485,2
20,508,5
20,517,5
20,520,22
20,522,2
20,523,6
20,524,6
20,550,5
20,556,2
20,575,3
20,579,5
20,587,10
20,588,7
20,680,10
20,681,8
20,691,1
20,72,2
20,811,7
20,823,2
20,838,1
20,84,16
20,887,5
20,89,2
20,910,6
20,920,1
20,930,1
20,940,2
20,950,7
200,202,20
200,204,20
200,206,20
200,212,2
200,213,6
200,222,7
200,229,6
200,234,4
200,240,2
200,258,7
200,27,6
200,290,20
200,322,6
200,326,7
200,327,6
200,330,20
200,335,2
200,353,6
200,36,5
200,361,7
200,417,1
200,423,6
200,426,2
200,428,6
200,429,6
200,430,1
200,434,2
200,435,1
200,442,6
200,443,6
200,445,6
200,446,6
200,447,6
200,477,2
200,485,2
200,487,7
200,501,1
200,502,1
200,504,1
200,508,40
200,510,7
200,515,6
200,516,5
200,532,1
200,539,31
200,543,20
200,577,2
200,595,6
200,598,1
200,602,5
200,608,5
200,610,4
200,660,5
200,662,1
200,691,29
200,697,18
200,741,7
200,742,7
200,77,2
200,777,24
200,78,2
200,800,5
200,806,18
200,808,18
200,820,6
200,821,25
200,823,4
200,827,6
200,828,5
200,847,7
200,853,7
200,858,18
200,877,4
200,879,4
200,887,35
200,891,10
200,910,30
200,912,5
200,92,11
200,920,18
202,204,21
202,206,21
202,24,9
202,25,9
202,253,6
202,27,1
202,302,2
202,305,2
202,311,3
202,321,2
202,35,1
202,353,6
202,36,2
202,466,2
202,480,6
202,481,1
202,486,4
202,5,7
202,508,17
202,510,16
202,551,2
202,6,7
202,650,9
202,671,4
202,675,1
202,684,1
202,690,4
202,691,7
202,697,19
202,7,7
202,8,1
202,806,19
202,808,17
202,811,2
202,82,2
202,828,1
202,838,2
202,858,19
202,873,4
202,883,1
202,887,12
202,891,6
202,909,2
202,910,15
202,920,6
202,930,3
202,940,8
202,945,3
202,946,2
202,950,9
202,951,1
202,971,2
202,975,2
202,977,9
202,981,2
202,982,2
202,983,2
202,984,2
202,985,2
202,987,2
204,206,21
204,277,2
204,290,1
204,302,2
204,353,6
204,390,2
204,505,2
204,508,17
204,510,7
204,533,1
204,54,2
204,555,2
204,558,1
204,570,1
204,602,1
204,608,1
204,660,1
204,691,6
204,697,20
204,800,1
204,806,20
204,808,17
204,828,1
204,858,20
204,887,12
204,891,6
204,910,7
206,277,3
206,285,9
206,303,11
206,304,22
206,353,20
206,36,1
206,374,9
206,418,1
206,441,3
206,465,4
206,466,1
206,470,24
206,471,3
206,472,14
206,476,17
206,485,2
206,490,24
206,508,17
206,510,7
206,515,27
206,536,27
206,671,1
206,676,19
206,691,6
206,697,19
206,72,3
206,74,2
206,805,18
206,806,19
206,808,17
206,818,2
206,828,1
206,838,2
206,858,19
206,866,5
206,869,3
206,871,3
206,874,9
206,875,9
206,876,9
206,878,14
206,887,12
206,891,6
206,910,7
206,940,16
207,557,1
207,558,1
207,559,1
207,595,2
207,596,2
207,598,1
207,619,1
207,750,1
207,757,1
207,812,2
207,817,2
207,850,1
207,920,1
21,224,1
21,23,2
21,233,1
21,27,2
21,285,1
21,29,1
21,30,1
21,32,1
21,33,1
21,374,1
21,465,1
21,471,1
21,484,1
21,485,1
21,490,1
21,508,3
21,522,1
21,550,3
21,556,1
21,587,3
21,588,4
21,681,4
21,72,1
21,823,1
21,84,1
21,887,3
21,89,1
21,910,3
21,92,1
21,920,1
21,930,1
21,940,1
21,950,5
212,213,3
212,222,1
212,258,1
212,290,3
212,313,1
212,326,1
212,330,2
212,361,1
212,487,1
212,543,2
212,741,1
212,742,1
212,777,2
212,847,1
212,853,1
212,920,1
213,222,1
213,240,2
213,258,1
213,277,3
213,290,19
213,304,4
213,326,1
213,330,6
213,335,2
213,353,4
213,361,1
213,390,12
213,412,12
213,426,2
213,434,2
213,465,3
213,470,3
213,471,4
213,472,4
213,476,3
213,477,2
213,487,1
213,490,4
213,501,1
213,502,1
213,504,1
213,515,4
213,543,6
213,577,2
213,598,1
213,602,4
213,608,4
213,660,4
213,662,1
213,676,4
213,690,12
213,741,1
213,742,1
213,77,2
213,777,2
213,78,2
213,800,4
213,847,1
213,853,1
213,878,11
213,912,4
213,920,5
214,249,38
214,302,11
214,313,2
214,314,4
214,315,4
214,316,4
214,328,22
214,330,24
214,338,3
214,359,2
214,365,4
214,367,11
214,418,7
214,44,7
214,45,7
214,49,2
214,498,18
214,501,10
214,502,10
214,503,10
214,504,10
214,513,10
214,515,37
214,53,6
214,539,11
214,54,20
214,543,13
214,555,3
214,559,18
214,565,3
214,566,3
214,568,12
214,57,11
214,570,15
214,58,11
214,584,4
214,585,3
214,59,17
214,599,10
214,60,11
214,64,11
214,662,30
214,699,30
214,930,36
214,963,28
221,222,3
221,322,1
221,327,1
221,487,11
221,547,11
222,258,21
222,290,7
222,326,26
222,330,7
222,361,17
222,430,14
222,435,14
222,487,21
222,532,14
222,535,5
222,543,7
222,602,5
222,608,5
222,660,5
222,741,21
222,742,21
222,777,7
222,800,5
222,847,21
222,853,27
222,912,5
222,920,26
224,23,26
224,233,3
224,234,2
224,27,3
224,285,2
224,29,3
224,30,3
224,32,3
224,33,3
224,374,2
224,465,2
224,470,1
224,471,2
224,484,2
224,485,2
224,508,2
224,517,2
224,522,27
224,523,4
224,524,6
224,550,7
224,556,5
224,587,8
224,588,17
224,671,9
224,680,20
224,691,4
224,72,2
224,823,29
224,873,2
224,877,10
224,879,8
224,887,2
224,89,4
224,940,1
229,247,6
229,322,13
229,327,14
229,329,20
229,344,6
229,423,14
229,428,20
229,429,35
229,430,21
229,442,14
229,443,20
229,445,18
229,446,20
229,447,15
229,529,52
229,535,6
229,547,6
229,595,14
229,602,6
229,608,6
229,660,6
229,777,9
229,800,6
229,820,20
229,821,7
229,827,20
229,853,6
229,912,6
229,920,6
23,233,2
23,234,5
23,27,5
23,285,4
23,29,2
23,30,2
23,32,2
23,33,2
23,35,1
23,374,4
23,465,4
23,470,3
23,471,4
23,484,4
23,485,4
23,508,1
23,516,9
23,522,16
23,523,25
23,550,6
23,556,5
23,587,9
23,588,17
23,671,2
23,680,25
23,681,1
23,691,6
23,72,4
23,811,2
23,823,32
23,873,5
23,877,25
23,879,4
23,887,1
23,89,4
23,910,2
23,930,1
23,940,4
23,950,2
23,951,1
23,977,6
232,233,12
232,353,12
232,491,5
232,808,1
232,818,12
232,828,1
233,234,7
233,27,1
233,284,1
233,285,10
233,29,3
233,30,3
233,32,3
233,33,4
233,353,20
233,374,10
233,417,11
233,465,10
233,470,7
233,471,10
233,484,26
233,485,9
233,490,3
233,491,4
233,508,3
233,550,2
233,587,2
233,588,2
233,671,10
233,72,10
233,74,4
233,818,20
233,887,3
233,940,9
234,27,4
234,285,9
234,302,1
234,34,1
234,35,17
234,36,6
234,374,9
234,39,1
234,41,2
234,417,1
234,42,2
234,44,2
234,45,2
234,46,2
234,465,9
234,470,14
234,471,9
234,484,9
234,485,8
234,490,3
234,515,4
234,539,4
234,680,9
234,681,4
234,691,8
234,72,9
234,811,2
234,838,1
234,910,5
234,940,12
234,950,5
234,951,1
24,25,9
24,28,3
24,305,2
24,311,3
24,321,2
24,480,7
24,481,1
24,486,5
24,5,7
24,510,9
24,517,6
24,522,6
24,551,2
24,6,7
24,650,9
24,671,4
24,675,1
24,684,1
24,690,4
24,7,7
24,8,1
24,811,1
24,82,2
24,873,4
24,877,6
24,883,1
24,909,2
24,945,3
24,946,2
24,950,1
24,971,2
24,975,2
24,977,9
24,981,2
24,982,2
24,983,2
24,984,2
24,985,2
24,987,2
240,258,4
240,290,2
240,330,2
240,335,23
240,426,36
240,430,14
240,434,36
240,435,8
240,477,23
240,501,1
240,502,1
240,504,1
240,532,4
240,535,12
240,537,7
240,543,2
240,557,2
240,577,29
240,598,1
240,602,8
240,608,8
240,660,8
240,662,1
240,741,12
240,742,1
240,77,28
240,78,28
240,800,8
240,847,4
240,912,8
240,920,2
247,322,5
247,326,5
247,329,14
247,342,8
247,344,19
247,426,17
247,428,6
247,429,6
247,430,19
247,443,6
247,445,4
247,446,6
247,447,36
247,529,14
247,535,6
247,547,1
247,595,4
247,602,6
247,608,6
247,660,6
247,751,8
247,800,6
247,816,8
247,820,6
247,827,6
247,853,6
247,912,6
247,920,6
249,302,11
249,328,6
249,330,8
249,338,1
249,359,2
249,365,7
249,367,11
249,418,7
249,44,7
249,45,7
249,49,2
249,498,12
249,501,10
249,502,10
249,503,10
249,504,10
249,513,10
249,515,21
249,53,6
249,539,11
249,54,20
249,543,13
249,555,3
249,559,2
249,565,13
249,566,13
249,568,49
249,57,11
249,570,22
249,58,11
249,584,2
249,585,11
249,59,17
249,599,10
249,60,11
249,64,11
249,662,30
249,699,30
249,930,21
249,963,12
25,305,2
25,311,3
25,321,2
25,480,6
25,481,1
25,486,4
25,5,7
25,510,9
25,517,2
25,522,2
25,551,2
25,6,7
25,650,10
25,671,6
25,675,1
25,684,1
25,690,4
25,7,7
25,8,1
25,811,1
25,82,2
25,873,6
25,877,2
25,883,1
25,909,2
25,945,3
25,946,2
25,950,1
25,971,2
25,975,2
25,977,10
25,981,2
25,982,2
25,983,2
25,984,2
25,985,2
25,987,2
253,27,1
253,302,6
253,35,3
253,36,2
253,466,2
253,811,4
253,838,2
253,910,6
253,912,1
253,920,12
253,930,6
253,940,6
253,950,6
253,951,11
253,963,1
258,290,7
258,326,21
258,330,7
258,361,17
258,426,4
258,430,18
258,434,4
258,435,18
258,487,21
258,532,22
258,535,4
258,537,3
258,543,7
258,577,1
258,741,26
258,742,22
258,77,1
258,777,7
258,78,1
258,847,26
258,853,21
258,920,21
259,267,6
259,268,6
259,338,1
259,358,6
259,368,6
259,468,6
259,505,6
259,54,3
259,555,3
259,59,28
267,268,6
267,277,15
267,358,26
267,364,4
267,367,12
267,368,6
267,468,6
267,505,18
267,560,24
267,564,14
267,59,6
267,60,24
267,64,16
267,67,24
268,358,33
268,367,25
268,368,21
268,468,25
268,505,6
268,59,6
268,67,3
27,285,2
27,29,1
27,30,1
27,302,1
27,32,1
27,33,1
27,36,2
27,374,2
27,465,2
27,466,1
27,470,3
27,471,2
27,484,2
27,485,2
27,490,2
27,508,13
27,516,1
27,522,1
27,539,7
27,550,4
27,556,27
27,587,4
27,588,4
27,671,1
27,680,4
27,681,4
27,691,13
27,72,2
27,811,5
27,823,1
27,828,4
27,838,2
27,84,1
27,873,1
27,879,10
27,887,13
27,89,1
27,910,14
27,92,11
27,920,1
27,930,1
27,940,2
27,950,4
277,290,3
277,302,3
277,304,8
277,353,8
277,364,8
277,367,4
277,390,3
277,412,7
277,465,8
277,470,7
277,471,7
277,472,8
277,476,8
277,490,8
277,505,7
277,515,8
277,536,3
277,54,3
277,555,3
277,560,4
277,564,15
277,60,4
277,602,1
277,608,1
277,64,19
277,660,1
277,676,9
277,690,3
277,697,2
277,806,2
277,858,2
277,878,7
28,321,2
28,762,1
28,8,1
28,82,2
28,9,2
284,285,63
284,374,15
284,417,2
284,466,1
284,475,1
284,508,1
284,838,7
284,866,13
284,869,3
284,874,15
284,875,53
284,876,1
284,887,1
285,29,2
285,30,2
285,303,8
285,304,8
285,32,2
285,33,3
285,35,1
285,374,42
285,441,2
285,465,16
285,470,19
285,471,16
285,472,2
285,475,1
285,476,8
285,484,13
285,485,16
285,490,13
285,508,1
285,515,10
285,536,8
285,550,1
285,587,1
285,588,1
285,671,1
285,676,8
285,680,2
285,681,1
285,691,2
285,72,18
285,74,1
285,805,8
285,811,2
285,838,1
285,866,14
285,869,3
285,871,2
285,874,25
285,875,64
285,876,11
285,887,1
285,910,2
285,940,21
285,950,2
29,30,11
29,32,10
29,33,4
29,374,2
29,465,2
29,471,2
29,484,2
29,485,2
29,508,2
29,550,2
29,587,2
29,588,2
29,72,2
29,887,2
29,940,1
290,304,4
290,326,7
290,330,20
290,335,2
290,353,4
290,361,7
290,390,13
290,412,12
290,426,2
290,430,1
290,434,2
290,435,1
290,465,3
290,470,3
290,471,4
290,472,4
290,476,3
290,477,2
290,487,7
290,490,4
290,501,1
290,502,1
290,504,1
290,515,4
290,532,1
290,533,1
290,543,20
290,558,1
290,577,2
290,598,1
290,602,16
290,608,16
290,660,16
290,662,1
290,676,4
290,690,12
290,741,7
290,742,7
290,77,2
290,777,9
290,78,2
290,800,18
290,847,7
290,853,7
290,878,11
290,912,5
290,920,18
290,963,2
295,346,2
295,428,6
295,535,1
295,595,6
295,596,6
295,602,6
295,608,35
295,660,6
295,695,18
295,800,6
295,810,2
295,816,2
295,817,6
295,820,42
295,827,20
295,853,2
295,912,2
295,920,6
30,32,10
30,33,4
30,374,2
30,465,2
30,471,2
30,484,2
30,485,2
30,508,2
30,550,2
30,587,2
30,588,2
30,72,2
30,887,2
30,940,1
302,34,3
302,35,9
302,36,7
302,367,28
302,39,3
302,41,4
302,418,7
302,42,4
302,44,11
302,45,11
302,46,4
302,466,7
302,49,6
302,505,5
302,53,16
302,54,14
302,555,4
302,57,27
302,58,17
302,59,11
302,60,29
302,602,1
302,608,1
302,64,29
302,660,1
302,662,11
302,697,1
302,699,11
302,806,1
302,811,5
302,838,7
302,858,1
302,910,2
302,920,2
302,930,3
302,940,2
302,950,2
302,951,8
303,304,20
303,36,7
303,374,8
303,418,6
303,441,2
303,466,6
303,470,11
303,472,2
303,476,12
303,485,1
303,490,11
303,515,11
303,536,12
303,676,12
303,72,2
303,74,1
303,805,12
303,838,1
303,866,1
303,871,2
303,874,8
303,875,8
303,876,8
303,940,11
304,353,16
304,36,7
304,374,8
304,390,4
304,412,8
304,418,6
304,441,2
304,465,12
304,466,6
304,470,31
304,471,12
304,472,19
304,476,27
304,485,1
304,490,32
304,515,31
304,536,29
304,676,27
304,690,4
304,72,2
304,74,1
304,805,19
304,838,1
304,866,9
304,869,1
304,871,2
304,874,8
304,875,8
304,876,8
304,878,17
304,940,20
305,311,14
305,321,21
305,480,1
305,481,6
305,483,1
305,5,22
305,510,13
305,551,8
305,6,22
305,650,13
305,675,1
305,684,1
305,7,22
305,8,21
305,811,6
305,82,22
305,883,1
305,909,21
305,945,1
305,946,1
305,950,7
305,971,30
305,975,21
305,977,2
305,981,21
305,982,21
305,983,21
305,984,21
305,985,21
305,987,21
311,321,14
311,480,16
311,481,15
311,483,1
311,486,9
311,5,15
311,510,14
311,517,2
311,551,5
311,6,15
311,650,14
311,675,1
311,681,2
311,684,1
311,7,15
311,8,13
311,811,10
311,82,14
311,879,2
311,883,1
311,909,14
311,945,22
311,946,20
311,950,1
311,971,14
311,975,14
311,977,3
311,981,14
311,982,14
311,983,14
311,984,14
311,985,14
311,987,14
313,314,5
313,315,4
313,316,4
313,328,2
313,330,2
313,338,6
313,365,2
313,515,2
313,559,2
313,565,1
313,566,1
313,568,3
313,570,3
313,584,1
313,585,1
313,930,1
313,963,2
314,317,7
314,328,4
314,330,4
314,338,6
314,365,3
314,515,4
314,559,4
314,565,2
314,566,2
314,568,6
314,570,6
314,584,3
314,585,2
314,602,5
314,608,5
314,660,5
314,67,7
314,930,3
314,949,8
314,963,4
314,966,7
314,988,7
315,316,9
315,365,1
315,498,4
315,515,1
316,365,1
316,498,4
316,515,1
317,358,8
317,449,1
317,67,15
317,949,6
317,966,21
317,988,21
32,33,4
32,374,2
32,465,2
32,471,2
32,484,2
32,485,2
32,508,2
32,550,2
32,587,2
32,588,2
32,72,2
32,887,2
32,940,1
321,480,1
321,481,6
321,483,1
321,5,36
321,510,13
321,551,33
321,6,34
321,650,13
321,675,16
321,684,1
321,7,34
321,762,32
321,8,81
321,811,6
321,82,97
321,883,1
321,9,44
321,909,74
321,945,1
321,946,1
321,950,20
321,962,26
321,971,21
321,975,89
321,977,2
321,981,74
321,982,74
321,983,101
321,984,74
321,985,89
321,987,89
322,326,30
322,327,15
322,423,13
322,426,26
322,428,13
322,429,13
322,430,15
322,442,13
322,443,13
322,445,13
322,446,13
322,447,14
322,547,5
322,595,13
322,777,9
322,820,13
322,821,7
322,827,13
326,327,11
326,330,7
326,361,17
326,426,25
326,430,29
326,435,14
326,447,1
326,487,21
326,532,14
326,535,5
326,543,7
326,602,5
326,608,5
326,660,5
326,741,21
326,742,21
326,777,7
326,800,5
326,847,21
326,853,26
326,912,5
326,920,26
327,423,14
327,428,14
327,429,14
327,442,14
327,443,14
327,445,14
327,446,14
327,447,14
327,535,4
327,547,6
327,595,14
327,602,4
327,608,4
327,660,4
327,777,9
327,800,4
327,820,14
327,821,7
327,827,14
327,853,4
327,912,4
327,920,4
328,330,22
328,338,6
328,359,5
328,365,4
328,498,9
328,515,22
328,539,5
328,559,17
328,565,3
328,566,3
328,568,12
328,570,15
328,584,4
328,585,3
328,930,21
328,963,23
329,342,8
329,344,14
329,428,6
329,429,39
329,443,6
329,445,4
329,446,6
329,447,1
329,529,29
329,535,6
329,595,4
329,602,6
329,608,6
329,660,6
329,751,8
329,800,6
329,816,8
329,817,1
329,820,6
329,827,6
329,853,6
329,912,6
329,920,6
33,374,3
33,465,3
33,471,3
33,484,3
33,485,3
33,508,2
33,550,2
33,587,2
33,588,2
33,72,3
33,887,2
33,940,2
330,335,2
330,338,8
330,359,6
330,361,7
330,365,4
330,426,2
330,430,1
330,434,2
330,435,1
330,477,2
330,487,7
330,498,12
330,501,8
330,502,8
330,503,6
330,504,8
330,513,6
330,515,24
330,532,1
330,534,2
330,543,29
330,557,1
330,559,17
330,565,3
330,566,3
330,568,12
330,570,15
330,577,2
330,584,4
330,585,3
330,598,2
330,599,6
330,602,5
330,608,5
330,660,5
330,662,8
330,699,6
330,741,7
330,742,7
330,77,2
330,777,9
330,78,2
330,800,5
330,847,7
330,853,7
330,912,5
330,920,18
330,930,23
330,963,24
335,426,23
335,434,24
335,477,38
335,501,1
335,502,1
335,504,1
335,537,13
335,543,2
335,557,2
335,577,25
335,598,1
335,602,3
335,608,3
335,660,3
335,662,1
335,742,19
335,77,30
335,78,22
335,800,3
335,912,3
335,920,2
338,359,10
338,365,2
338,498,19
338,501,7
338,502,7
338,503,7
338,504,7
338,513,7
338,515,3
338,534,14
338,539,3
338,543,7
338,559,10
338,565,1
338,566,1
338,568,6
338,570,4
338,584,1
338,585,1
338,59,1
338,599,7
338,662,7
338,699,7
338,930,2
338,963,4
34,35,4
34,36,5
34,39,14
34,41,7
34,418,8
34,42,15
34,44,5
34,441,18
34,45,5
34,46,7
34,466,13
34,475,6
34,49,5
34,811,1
34,838,15
342,344,8
342,346,3
342,423,4
342,442,10
342,443,37
342,446,3
342,529,8
342,595,4
342,751,8
342,810,2
342,816,45
344,428,6
344,429,6
344,430,4
344,443,6
344,445,23
344,446,6
344,447,6
344,529,14
344,535,6
344,547,1
344,595,4
344,602,6
344,608,6
344,660,6
344,751,8
344,800,6
344,816,8
344,820,6
344,827,6
344,853,6
344,912,6
344,920,6
346,428,1
346,442,14
346,443,3
346,446,33
346,535,2
346,595,1
346,596,1
346,602,1
346,608,1
346,660,1
346,695,2
346,800,1
346,810,31
346,816,17
346,817,2
346,820,1
346,827,1
346,853,2
346,912,2
346,920,1
35,36,7
35,374,1
35,39,4
35,41,3
35,42,3
35,44,3
35,45,3
35,46,3
35,465,1
35,466,7
35,471,1
35,484,1
35,485,1
35,49,4
35,72,1
35,811,6
35,838,7
35,910,1
35,920,1
35,930,3
35,940,2
35,950,1
35,951,7
353,390,4
353,412,8
353,465,10
353,470,18
353,471,10
353,472,20
353,476,9
353,484,2
353,490,19
353,491,18
353,508,6
353,510,33
353,515,20
353,536,8
353,676,10
353,690,4
353,691,33
353,697,6
353,74,2
353,805,2
353,806,6
353,808,6
353,818,38
353,828,18
353,858,6
353,866,3
353,869,3
353,878,19
353,887,6
353,891,10
353,910,33
353,940,2
358,367,18
358,368,15
358,468,24
358,505,6
358,560,20
358,59,6
358,60,20
358,67,22
359,498,10
359,501,9
359,502,11
359,503,26
359,504,9
359,513,26
359,515,2
359,539,5
359,543,8
359,557,1
359,559,1
359,597,19
359,598,3
359,599,31
359,662,10
359,699,31
359,930,2
359,963,2
36,39,5
36,41,4
36,418,10
36,42,4
36,44,4
36,441,2
36,45,4
36,46,4
36,465,2
36,466,18
36,471,2
36,472,1
36,476,2
36,485,1
36,49,3
36,515,5
36,536,2
36,539,5
36,671,2
36,676,2
36,74,3
36,805,2
36,811,3
36,818,2
36,838,12
36,866,3
36,871,2
36,874,2
36,875,2
36,876,2
36,878,2
36,910,2
36,920,2
36,930,3
36,940,2
36,950,2
36,951,3
361,430,10
361,435,10
361,487,18
361,532,10
361,543,7
361,741,17
361,742,17
361,777,7
361,847,17
361,853,17
361,920,18
364,367,7
364,418,1
364,475,1
364,498,1
364,501,1
364,502,1
364,503,1
364,504,1
364,505,6
364,513,1
364,515,2
364,53,2
364,534,1
364,539,2
364,54,4
364,543,2
364,555,6
364,560,31
364,564,25
364,59,14
364,599,1
364,60,11
364,64,9
364,930,2
365,498,2
365,515,5
365,559,3
365,565,20
365,566,24
365,568,10
365,570,3
365,584,13
365,585,14
365,930,3
365,963,4
367,368,34
367,418,7
367,44,7
367,45,7
367,468,18
367,49,2
367,505,21
367,53,15
367,54,11
367,560,7
367,564,5
367,57,27
367,58,17
367,59,11
367,60,36
367,64,34
367,662,11
367,67,7
367,699,11
368,468,14
368,505,6
368,59,6
368,67,7
374,441,2
374,465,16
374,470,19
374,471,16
374,472,2
374,475,1
374,476,8
374,484,13
374,485,16
374,490,13
374,508,1
374,515,10
374,536,8
374,550,1
374,587,1
374,588,1
374,671,1
374,676,8
374,680,2
374,681,1
374,691,2
374,72,18
374,74,1
374,805,8
374,811,2
374,838,1
374,866,8
374,869,1
374,871,2
374,874,41
374,875,19
374,876,13
374,887,1
374,910,2
374,940,21
374,950,2
39,41,7
39,418,10
39,42,7
39,44,5
39,45,5
39,46,7
39,466,15
39,49,5
39,811,1
39,838,18
390,412,12
390,465,3
390,470,3
390,471,4
390,472,4
390,476,3
390,490,4
390,515,4
390,533,1
390,558,1
390,676,4
390,690,12
390,800,1
390,878,11
41,418,2
41,42,20
41,44,6
41,45,6
41,46,19
41,466,6
41,49,7
41,811,1
41,838,6
41,951,1
412,465,7
412,470,7
412,471,8
412,472,8
412,476,7
412,490,8
412,515,8
412,676,8
412,690,12
412,878,15
417,466,1
417,476,13
417,484,10
417,508,1
417,515,1
417,539,1
417,671,10
417,676,13
417,74,4
417,805,4
417,887,1
418,42,2
418,44,7
418,441,2
418,45,7
418,46,2
418,465,2
418,466,27
418,471,2
418,472,1
418,475,7
418,476,2
418,485,1
418,49,4
418,498,1
418,501,1
418,502,1
418,503,1
418,504,1
418,513,1
418,515,1
418,53,1
418,534,1
418,536,2
418,539,1
418,54,7
418,543,1
418,555,1
418,560,1
418,564,1
418,57,7
418,58,7
418,59,7
418,599,1
418,60,7
418,64,7
418,662,7
418,671,2
418,676,2
418,699,7
418,74,3
418,805,2
418,818,2
418,838,12
418,866,3
418,871,2
418,874,2
418,875,2
418,876,2
418,878,2
418,930,1
42,44,6
42,441,13
42,45,6
42,46,20
42,466,6
42,475,11
42,49,7
42,811,1
42,838,6
42,951,1
423,428,14
423,429,14
423,442,29
423,443,18
423,445,14
423,446,14
423,447,14
423,547,6
423,595,20
423,751,2
423,777,9
423,816,12
423,817,8
423,820,14
423,821,7
423,827,14
423,853,2
426,430,29
426,434,36
426,435,8
426,447,13
426,477,23
426,501,1
426,502,1
426,504,1
426,532,4
426,535,8
426,537,7
426,543,2
426,557,2
426,577,29
426,598,1
426,602,8
426,608,8
426,660,8
426,662,1
426,741,8
426,742,1
426,77,28
426,78,29
426,800,8
426,847,4
426,912,8
426,920,2
428,429,20
428,442,14
428,443,20
428,445,18
428,446,28
428,447,15
428,529,6
428,535,14
428,547,6
428,595,28
428,596,6
428,602,29
428,608,26
428,660,29
428,695,12
428,698,2
428,748,2
428,749,35
428,777,9
428,800,29
428,810,1
428,816,1
428,817,5
428,820,34
428,821,7
428,826,21
428,827,40
428,848,16
428,853,7
428,912,15
428,920,20
429,442,14
429,443,20
429,445,18
429,446,20
429,447,15
429,529,20
429,535,6
429,547,6
429,595,14
429,602,6
429,608,6
429,660,6
429,777,9
429,800,6
429,820,20
429,821,7
429,827,20
429,853,6
429,912,6
429,920,6
430,434,8
430,435,24
430,445,4
430,447,13
430,487,14
430,529,21
430,532,20
430,535,12
430,537,7
430,543,1
430,577,1
430,741,26
430,742,15
430,77,1
430,777,1
430,78,1
430,847,18
430,853,14
430,920,14
434,435,19
434,477,23
434,501,1
434,502,1
434,504,1
434,532,4
434,535,8
434,537,11
434,543,2
434,557,2
434,577,29
434,598,1
434,602,8
434,608,8
434,660,8
434,662,1
434,741,8
434,742,1
434,77,28
434,78,28
434,800,8
434,847,4
434,912,8
434,920,2
435,487,14
435,532,20
435,535,8
435,537,11
435,543,1
435,577,1
435,741,22
435,742,15
435,77,1
435,777,1
435,78,1
435,847,18
435,853,14
435,920,14
44,45,17
44,46,6
44,466,4
44,475,10
44,49,5
44,54,7
44,57,7
44,58,7
44,59,7
44,60,7
44,64,7
44,662,7
44,699,7
44,811,1
44,838,4
44,951,1
441,465,1
441,466,1
441,470,1
441,471,1
441,472,18
441,475,6
441,476,4
441,485,1
441,490,1
441,515,1
441,536,4
441,671,2
441,676,4
441,72,16
441,74,3
441,805,4
441,818,2
441,838,5
441,866,3
441,871,19
441,874,4
441,875,4
441,876,4
441,878,2
441,940,1
442,443,24
442,445,14
442,446,28
442,447,14
442,547,6
442,595,20
442,751,2
442,777,9
442,810,11
442,816,30
442,817,8
442,820,14
442,821,7
442,827,14
442,853,2
443,445,18
443,446,23
443,447,15
443,529,6
443,535,6
443,547,6
443,595,14
443,602,6
443,608,6
443,660,6
443,777,9
443,800,6
443,810,2
443,816,36
443,820,20
443,821,7
443,827,20
443,853,6
443,912,6
443,920,6
445,446,18
445,447,16
445,529,4
445,535,4
445,547,6
445,595,14
445,602,4
445,608,4
445,660,4
445,777,9
445,800,4
445,820,18
445,821,7
445,827,18
445,853,4
445,912,4
445,920,4
446,447,15
446,529,6
446,535,14
446,547,6
446,595,22
446,602,14
446,608,14
446,660,14
446,777,9
446,800,14
446,810,28
446,816,15
446,820,28
446,821,7
446,827,28
446,853,6
446,912,14
446,920,14
447,529,1
447,535,1
447,547,6
447,595,14
447,602,1
447,608,1
447,660,1
447,777,9
447,800,1
447,820,15
447,821,7
447,827,15
447,853,1
447,912,1
447,920,1
45,46,6
45,466,4
45,475,4
45,49,5
45,54,7
45,57,7
45,58,7
45,59,7
45,60,7
45,64,7
45,662,7
45,699,7
45,811,1
45,838,4
45,951,1
46,466,6
46,475,7
46,49,7
46,811,1
46,838,6
46,951,1
465,466,1
465,470,23
465,471,45
465,472,17
465,476,27
465,484,13
465,485,16
465,490,18
465,508,1
465,515,14
465,536,5
465,550,1
465,587,1
465,588,1
465,671,2
465,676,15
465,680,2
465,681,1
465,690,3
465,691,2
465,72,16
465,74,14
465,805,7
465,811,2
465,818,5
465,838,1
465,866,10
465,871,1
465,874,1
465,875,1
465,876,1
465,878,16
465,887,1
465,910,2
465,940,18
465,950,2
466,471,1
466,476,1
466,485,1
466,49,5
466,536,1
466,671,1
466,676,1
466,74,2
466,805,1
466,811,3
466,818,1
466,838,20
466,866,2
466,871,1
466,874,1
466,875,1
466,876,1
466,878,1
466,910,2
466,920,2
466,930,3
466,940,2
466,950,2
466,951,3
468,505,6
468,59,6
470,471,23
470,472,20
470,476,24
470,484,9
470,485,11
470,490,41
470,515,36
470,536,23
470,671,1
470,676,24
470,680,9
470,681,7
470,690,3
470,691,10
470,72,13
470,805,17
470,811,1
470,866,5
470,871,1
470,874,7
470,875,7
470,876,7
470,878,20
470,910,9
470,930,2
470,940,38
470,950,9
471,472,17
471,476,22
471,484,13
471,485,16
471,490,18
471,508,1
471,515,14
471,536,4
471,550,1
471,587,1
471,588,1
471,671,2
471,676,21
471,680,2
471,681,1
471,690,4
471,691,2
471,72,16
471,74,14
471,805,7
471,811,2
471,818,5
471,838,1
471,866,10
471,871,1
471,874,1
471,875,1
471,876,1
471,878,16
471,887,1
471,910,2
471,940,18
471,950,2
472,476,13
472,485,1
472,490,21
472,515,22
472,536,12
472,671,1
472,676,14
472,690,4
472,72,33
472,74,6
472,805,6
472,818,13
472,838,4
472,866,18
472,869,1
472,871,35
472,874,3
472,875,3
472,876,3
472,878,33
472,940,4
475,498,1
475,501,1
475,502,1
475,503,1
475,504,1
475,513,1
475,515,1
475,53,1
475,534,1
475,539,1
475,543,1
475,555,1
475,560,1
475,564,1
475,599,1
475,866,1
475,869,1
475,874,1
475,875,1
475,876,4
475,930,1
476,485,1
476,490,25
476,515,24
476,536,21
476,671,2
476,676,59
476,690,3
476,72,2
476,74,3
476,805,24
476,818,2
476,838,3
476,866,8
476,871,4
476,874,10
476,875,10
476,876,10
476,878,12
476,940,19
477,501,1
477,502,1
477,504,1
477,537,6
477,543,2
477,557,2
477,577,45
477,598,1
477,602,3
477,608,3
477,660,3
477,662,1
477,742,2
477,77,50
477,78,22
477,800,3
477,912,3
477,920,2
480,481,14
480,483,2
480,486,13
480,5,6
480,510,12
480,551,33
480,6,6
480,650,12
480,671,2
480,675,1
480,684,1
480,690,2
480,7,6
480,811,4
480,82,1
480,873,2
480,883,1
480,909,1
480,945,3
480,946,2
480,950,28
480,969,25
480,971,1
480,975,1
480,977,6
480,981,1
480,982,1
480,983,1
480,984,1
480,985,1
480,987,1
481,483,4
481,486,8
481,5,6
481,510,10
481,551,5
481,6,6
481,650,10
481,7,7
481,8,6
481,811,1
481,82,6
481,909,6
481,945,1
481,946,1
481,950,4
481,969,3
481,971,6
481,975,6
481,977,1
481,981,6
481,982,6
481,983,6
481,984,6
481,985,6
481,987,6
483,486,2
483,5,2
483,510,2
483,551,2
483,6,2
483,650,2
483,7,2
483,8,1
483,811,1
483,82,1
483,909,1
483,945,1
483,946,1
483,950,2
483,969,1
483,971,1
483,975,1
483,981,1
483,982,1
483,983,1
483,984,1
483,985,1
483,987,1
484,485,17
484,490,3
484,508,1
484,550,1
484,587,1
484,588,1
484,671,10
484,680,2
484,681,1
484,691,2
484,72,13
484,74,22
484,811,2
484,818,2
484,887,1
484,910,2
484,940,11
484,950,2
485,490,5
485,508,4
485,515,3
485,536,1
485,539,2
485,550,1
485,587,1
485,588,1
485,610,1
485,671,1
485,676,1
485,680,2
485,681,1
485,691,4
485,72,16
485,74,9
485,805,1
485,811,2
485,823,1
485,828,1
485,838,1
485,866,3
485,871,1
485,874,1
485,875,1
485,876,1
485,877,1
485,879,1
485,887,3
485,891,1
485,910,4
485,940,13
485,950,2
486,5,4
486,510,4
486,517,5
486,551,4
486,6,4
486,650,4
486,671,2
486,681,5
486,690,2
486,7,4
486,811,6
486,873,2
486,879,5
486,945,3
486,946,2
486,977,4
487,532,14
487,543,7
487,741,21
487,742,21
487,777,7
487,847,21
487,853,21
487,920,22
49,54,2
49,57,2
49,58,2
49,59,2
49,60,2
49,64,2
49,662,2
49,681,1
49,699,2
49,811,1
49,838,5
49,940,1
490,508,4
490,515,37
490,520,2
490,522,1
490,523,3
490,524,3
490,536,23
490,550,1
490,556,1
490,575,3
490,579,3
490,587,1
490,588,1
490,671,1
490,676,25
490,681,1
490,690,4
490,691,1
490,72,7
490,805,17
490,823,1
490,84,1
490,866,5
490,871,1
490,874,7
490,875,7
490,876,7
490,878,20
490,887,4
490,89,2
490,910,4
490,92,6
490,940,26
490,950,2
491,510,14
491,691,14
491,705,2
491,728,2
491,808,1
491,818,4
491,828,28
491,887,2
491,889,3
491,891,27
491,910,14
498,501,17
498,502,17
498,503,17
498,504,17
498,513,17
498,515,15
498,53,1
498,534,11
498,539,9
498,54,1
498,543,15
498,555,2
498,559,10
498,560,1
498,564,1
498,565,2
498,566,2
498,568,6
498,570,10
498,584,2
498,585,2
498,599,17
498,662,14
498,699,14
498,930,15
498,963,10
5,510,18
5,551,24
5,6,41
5,650,18
5,671,2
5,675,1
5,684,1
5,690,2
5,7,40
5,8,36
5,811,7
5,82,37
5,873,2
5,883,1
5,909,36
5,945,3
5,946,2
5,950,21
5,971,22
5,975,36
5,977,7
5,981,36
5,982,36
5,983,36
5,984,36
5,985,36
5,987,36
501,502,29
501,503,22
501,504,27
501,513,22
501,515,11
501,53,1
501,534,2
501,539,9
501,54,1
501,543,20
501,555,2
501,557,5
501,560,1
501,564,1
501,577,1
501,598,6
501,599,22
501,602,1
501,608,1
501,660,1
501,662,23
501,699,17
501,77,1
501,78,1
501,800,1
501,912,1
501,920,1
501,930,11
501,963,4
502,503,22
502,504,28
502,513,22
502,515,11
502,53,1
502,532,6
502,533,6
502,534,8
502,535,6
502,536,6
502,537,6
502,539,9
502,54,1
502,543,20
502,555,2
502,557,26
502,559,5
502,560,1
502,564,1
502,577,1
502,597,2
502,598,43
502,599,30
502,602,1
502,608,1
502,660,1
502,662,53
502,699,25
502,77,1
502,78,1
502,800,1
502,912,1
502,920,1
502,930,11
502,963,4
503,504,22
503,513,50
503,515,11
503,53,1
503,534,1
503,539,9
503,54,1
503,543,18
503,555,2
503,557,1
503,560,1
503,564,1
503,597,25
503,598,1
503,599,50
503,662,17
503,699,44
503,930,11
503,963,4
504,513,22
504,515,11
504,53,1
504,534,2
504,539,9
504,54,1
504,543,20
504,555,2
504,557,5
504,560,1
504,564,1
504,577,1
504,598,7
504,599,22
504,602,1
504,608,1
504,660,1
504,662,23
504,699,17
504,77,1
504,78,1
504,800,1
504,912,1
504,920,1
504,930,11
504,963,4
505,53,16
505,54,3
505,555,3
505,560,6
505,564,5
505,57,16
505,59,6
505,60,9
505,602,1
505,608,1
505,64,8
505,660,1
505,697,1
505,806,1
505,858,1
508,510,6
508,516,4
508,539,22
508,550,7
508,587,7
508,588,6
508,610,5
508,681,4
508,691,31
508,697,18
508,707,11
508,72,1
508,729,6
508,775,6
508,776,6
508,789,5
508,792,6
508,794,6
508,799,12
508,804,11
508,806,18
508,808,42
508,811,2
508,814,16
508,823,5
508,828,6
508,829,6
508,858,18
508,877,5
508,879,5
508,887,47
508,891,11
508,910,39
508,92,17
508,950,4
510,551,8
510,6,18
510,650,26
510,671,4
510,675,1
510,684,1
510,690,4
510,691,33
510,697,7
510,7,18
510,8,12
510,806,7
510,808,6
510,811,6
510,82,13
510,828,17
510,858,7
510,873,4
510,883,1
510,887,6
510,891,10
510,909,13
510,910,34
510,945,3
510,946,2
510,950,5
510,969,1
510,971,13
510,975,13
510,977,9
510,981,13
510,982,13
510,983,13
510,984,13
510,985,13
510,987,13
513,515,11
513,53,1
513,534,1
513,539,9
513,54,1
513,543,18
513,555,2
513,557,1
513,560,1
513,564,1
513,597,25
513,598,1
513,599,50
513,662,17
513,699,44
513,930,11
513,963,4
515,53,2
515,534,2
515,536,24
515,539,22
515,54,3
515,543,15
515,555,5
515,559,17
515,560,2
515,564,2
515,565,3
515,566,3
515,568,12
515,570,15
515,584,4
515,585,3
515,599,11
515,662,13
515,671,1
515,676,26
515,690,4
515,699,13
515,72,4
515,805,18
515,866,4
515,869,1
515,871,1
515,874,7
515,875,7
515,876,7
515,878,20
515,930,38
515,940,21
515,963,28
516,523,9
516,539,14
516,556,1
516,610,4
516,691,5
516,823,4
516,828,4
516,873,14
516,877,13
516,879,4
516,887,5
516,891,4
516,910,5
516,977,6
517,520,1
517,522,30
517,523,11
517,524,18
517,551,6
517,579,4
517,587,19
517,671,9
517,680,5
517,681,15
517,811,4
517,84,1
517,873,2
517,877,26
517,879,19
517,945,2
517,946,2
517,950,8
520,523,16
520,524,16
520,575,14
520,579,12
520,587,1
520,680,2
520,681,1
520,811,1
520,84,15
520,879,10
520,950,1
522,523,2
522,524,16
522,550,9
522,556,12
522,587,10
522,588,22
522,671,28
522,680,18
522,681,1
522,823,33
522,84,5
522,873,2
522,877,37
522,879,8
522,89,11
522,92,2
522,950,1
523,524,33
523,575,11
523,579,15
523,587,3
523,671,2
523,680,8
523,823,17
523,84,2
523,873,5
523,877,27
523,879,16
523,92,1
523,950,1
523,977,6
524,575,11
524,579,15
524,587,1
524,671,16
524,680,6
524,84,2
524,873,17
524,877,21
524,879,16
524,92,1
524,950,1
529,535,6
529,595,4
529,602,6
529,608,6
529,660,6
529,751,8
529,800,6
529,816,8
529,817,1
529,820,6
529,827,6
529,853,6
529,912,6
529,920,6
53,534,1
53,539,2
53,54,6
53,543,2
53,555,2
53,560,2
53,564,2
53,57,38
53,58,6
53,59,6
53,599,1
53,60,16
53,64,16
53,662,6
53,699,6
53,930,2
532,533,6
532,534,6
532,535,10
532,536,6
532,537,9
532,543,1
532,577,1
532,598,6
532,599,6
532,699,6
532,741,18
532,742,15
532,77,1
532,777,1
532,78,1
532,847,28
532,853,14
532,920,14
533,534,6
533,535,6
533,536,6
533,537,6
533,558,2
533,598,6
533,599,6
533,699,6
533,800,1
534,535,6
534,536,6
534,537,6
534,539,1
534,543,3
534,555,1
534,557,1
534,559,8
534,560,1
534,564,1
534,568,2
534,598,7
534,599,7
534,662,1
534,699,6
534,930,1
535,536,6
535,537,13
535,577,1
535,595,8
535,598,6
535,599,6
535,602,27
535,608,27
535,660,27
535,695,1
535,699,6
535,741,12
535,742,1
535,77,1
535,78,1
535,800,27
535,810,2
535,816,1
535,817,1
535,820,14
535,827,14
535,847,4
535,853,20
535,912,29
535,920,27
536,537,6
536,598,6
536,599,6
536,671,2
536,676,21
536,699,6
536,72,2
536,74,3
536,805,20
536,818,3
536,838,3
536,866,10
536,869,1
536,871,4
536,874,10
536,875,10
536,876,10
536,878,12
536,940,19
537,577,9
537,598,6
537,599,6
537,699,6
537,741,7
537,742,17
537,77,19
537,78,22
537,847,3
539,54,3
539,543,13
539,555,5
539,556,1
539,560,2
539,564,2
539,599,9
539,610,4
539,662,11
539,691,23
539,699,11
539,823,4
539,828,4
539,873,9
539,877,4
539,879,4
539,887,23
539,891,4
539,910,23
539,92,11
539,930,13
539,963,2
54,543,3
54,555,34
54,560,4
54,564,4
54,57,11
54,58,11
54,59,22
54,599,1
54,60,11
54,602,1
54,608,1
54,64,11
54,660,1
54,662,20
54,697,1
54,699,20
54,806,1
54,858,1
54,930,3
543,555,5
543,557,1
543,560,2
543,564,2
543,577,2
543,598,2
543,599,18
543,602,5
543,608,5
543,660,5
543,662,21
543,699,19
543,741,7
543,742,7
543,77,2
543,777,9
543,78,2
543,800,5
543,847,7
543,853,7
543,912,5
543,920,18
543,930,15
543,963,4
547,595,6
547,777,3
547,816,2
547,817,2
547,820,6
547,821,1
547,827,6
550,556,21
550,587,10
550,588,15
550,671,4
550,680,5
550,681,4
550,72,1
550,811,2
550,823,9
550,84,2
550,879,4
550,887,7
550,89,10
550,910,5
550,92,2
550,950,4
551,6,22
551,650,8
551,675,1
551,681,6
551,684,1
551,7,22
551,8,32
551,811,1
551,82,33
551,879,6
551,883,1
551,909,33
551,945,4
551,946,4
551,950,48
551,969,25
551,971,8
551,975,33
551,977,2
551,981,33
551,982,33
551,983,33
551,984,33
551,985,33
551,987,33
555,560,6
555,564,6
555,59,5
555,599,2
555,602,1
555,608,1
555,660,1
555,662,3
555,697,1
555,699,3
555,806,1
555,858,1
555,930,5
556,587,2
556,588,12
556,671,8
556,680,5
556,681,1
556,823,12
556,828,4
556,84,5
556,873,1
556,879,18
556,89,13
556,92,2
556,950,1
557,558,10
557,559,15
557,577,2
557,598,40
557,599,1
557,662,26
557,699,1
557,77,2
557,78,2
558,559,15
558,598,15
558,800,1
559,565,2
559,566,2
559,568,13
559,570,14
559,584,3
559,585,2
559,597,1
559,598,38
559,599,1
559,662,5
559,699,1
559,930,16
559,963,17
560,564,25
560,59,14
560,599,1
560,60,50
560,64,5
560,67,32
560,930,2
564,59,14
564,599,1
564,60,5
564,64,22
564,930,2
565,566,27
565,568,16
565,570,3
565,584,16
565,585,23
565,930,3
565,949,1
565,963,3
565,966,1
566,568,16
566,570,3
566,584,14
566,585,21
566,930,3
566,949,1
566,963,3
566,966,1
568,570,29
568,584,6
568,585,14
568,930,12
568,963,12
57,58,17
57,59,11
57,60,27
57,64,27
57,662,11
57,699,11
570,584,4
570,585,3
570,930,15
570,963,15
575,579,31
575,681,1
575,811,1
575,84,1
575,879,12
575,92,1
575,950,2
577,598,1
577,602,8
577,608,8
577,660,8
577,662,1
577,741,1
577,742,21
577,77,54
577,78,38
577,800,8
577,847,1
577,912,8
577,920,2
579,680,3
579,879,12
579,92,1
579,950,1
58,59,11
58,60,17
58,64,18
58,662,11
58,699,11
584,585,34
584,930,4
584,949,1
584,963,4
584,966,1
585,930,3
585,949,1
585,963,3
585,966,1
587,588,14
587,671,4
587,680,11
587,681,4
587,72,1
587,811,2
587,823,8
587,84,7
587,877,2
587,879,8
587,887,7
587,89,2
587,910,5
587,92,2
587,950,4
588,671,1
588,680,16
588,681,5
588,72,1
588,811,2
588,823,22
588,828,9
588,84,5
588,879,4
588,887,6
588,89,11
588,910,4
588,92,2
588,950,5
59,60,11
59,64,11
59,662,17
59,699,17
595,596,10
595,602,14
595,608,14
595,660,14
595,695,6
595,751,4
595,777,9
595,800,14
595,810,1
595,816,11
595,817,15
595,820,28
595,821,7
595,827,28
595,853,1
595,912,9
595,920,17
596,602,6
596,608,6
596,660,6
596,695,6
596,800,6
596,810,1
596,816,2
596,817,10
596,820,6
596,827,6
596,853,1
596,912,1
596,920,9
597,598,2
597,599,39
597,662,1
597,699,39
598,599,9
598,602,1
598,608,1
598,660,1
598,662,36
598,699,9
598,77,1
598,78,1
598,800,1
598,912,1
598,920,1
599,662,18
599,699,65
599,930,11
599,963,4
6,650,18
6,671,2
6,675,1
6,684,1
6,690,2
6,7,40
6,8,34
6,811,7
6,82,35
6,873,2
6,883,1
6,909,34
6,945,3
6,946,2
6,950,21
6,971,22
6,975,34
6,977,7
6,981,34
6,982,34
6,983,34
6,984,34
6,985,34
6,987,34
60,64,35
60,662,11
60,67,32
60,699,11
602,608,62
602,648,20
602,657,6
602,658,12
602,660,105
602,662,1
602,695,12
602,697,1
602,698,11
602,747,12
602,748,23
602,749,33
602,753,12
602,754,6
602,755,6
602,756,6
602,758,6
602,759,12
602,77,8
602,78,8
602,800,105
602,806,1
602,810,1
602,816,1
602,817,5
602,820,20
602,826,6
602,827,26
602,848,6
602,853,20
602,858,1
602,868,12
602,912,39
602,920,38
602,949,5
602,963,2
608,660,62
608,662,1
608,695,18
608,697,1
608,749,8
608,77,8
608,78,8
608,800,55
608,806,1
608,810,1
608,816,1
608,817,5
608,820,48
608,826,6
608,827,38
608,848,2
608,853,20
608,858,1
608,912,39
608,920,38
608,949,5
608,963,2
609,611,66
609,616,64
609,618,31
609,621,40
609,697,62
609,795,6
609,796,66
609,801,11
609,803,77
609,806,73
610,650,1
610,691,4
610,823,5
610,828,7
610,877,5
610,879,7
610,887,4
610,891,5
610,910,4
610,92,10
611,616,71
611,618,38
611,621,37
611,697,68
611,795,6
611,796,86
611,801,9
611,803,77
611,806,59
616,618,39
616,621,38
616,697,57
616,795,6
616,796,71
616,803,71
616,806,57
618,621,32
618,697,26
618,795,6
618,796,40
618,803,40
618,806,26
619,750,30
619,757,30
619,812,17
619,850,30
621,697,35
621,795,6
621,796,39
621,803,39
621,806,35
64,662,11
64,699,11
640,641,25
640,642,38
640,675,26
640,732,21
640,975,26
640,979,25
640,985,26
640,986,24
640,987,5
640,989,23
640,990,26
640,991,25
641,642,25
641,675,25
641,732,22
641,975,25
641,979,26
641,985,25
641,986,23
641,987,4
641,989,24
641,990,25
641,991,26
642,675,26
642,732,21
642,975,26
642,979,25
642,985,26
642,986,24
642,987,5
642,989,23
642,990,26
642,991,25
643,644,25
643,645,9
643,646,8
643,651,13
643,652,4
643,653,3
643,656,4
643,831,9
643,832,9
643,833,9
643,835,9
643,836,14
643,842,7
643,936,8
644,645,9
644,646,8
644,651,13
644,652,4
644,653,3
644,656,4
644,831,9
644,832,9
644,833,9
644,835,9
644,836,14
644,842,7
644,936,8
645,646,42
645,651,19
645,652,18
645,653,17
645,831,7
645,832,7
645,833,7
645,835,40
645,836,7
645,842,38
645,936,31
646,651,18
646,652,18
646,653,17
646,831,7
646,832,7
646,833,7
646,835,39
646,836,7
646,842,38
646,936,31
648,657,6
648,658,36
648,660,14
648,698,18
648,747,17
648,748,51
648,749,33
648,753,17
648,754,6
648,755,6
648,756,6
648,758,6
648,759,17
648,800,20
648,826,16
648,848,21
648,868,21
650,671,4
650,675,1
650,684,1
650,690,4
650,7,18
650,8,12
650,811,6
650,82,13
650,873,4
650,883,1
650,909,13
650,92,1
650,945,3
650,946,2
650,950,5
650,969,1
650,971,13
650,975,13
650,977,10
650,981,13
650,982,13
650,983,13
650,984,13
650,985,13
650,987,13
651,652,58
651,653,60
651,656,16
651,831,9
651,832,9
651,833,9
651,835,19
651,836,10
651,842,17
651,936,19
652,653,67
652,656,18
652,831,3
652,832,3
652,833,3
652,835,18
652,836,4
652,842,18
652,936,23
653,656,19
653,831,2
653,832,2
653,833,2
653,835,17
653,836,3
653,842,17
653,936,21
656,831,6
656,832,6
656,833,6
656,836,4
656,936,5
657,658,6
657,660,6
657,747,6
657,748,6
657,749,6
657,750,38
657,753,7
657,754,7
657,755,7
657,756,57
657,757,38
657,758,12
657,759,6
657,800,6
657,868,6
658,660,6
658,698,11
658,747,17
658,748,43
658,749,32
658,753,17
658,754,6
658,755,6
658,756,6
658,758,6
658,759,17
658,800,12
658,868,17
660,661,57
660,662,1
660,664,1
660,665,1
660,666,33
660,695,12
660,697,1
660,698,11
660,744,1
660,745,57
660,746,23
660,747,6
660,748,17
660,749,27
660,750,1
660,752,5
660,753,6
660,756,6
660,758,18
660,759,6
660,77,8
660,78,8
660,800,98
660,806,1
660,810,1
660,816,1
660,817,5
660,820,20
660,826,6
660,827,26
660,848,6
660,853,20
660,858,1
660,868,6
660,912,39
660,920,38
660,949,5
660,963,2
661,664,1
661,665,1
661,666,33
661,745,63
661,746,29
661,750,1
661,834,5
661,849,5
661,935,5
662,699,39
662,77,1
662,78,1
662,800,1
662,912,1
662,920,1
662,930,13
662,963,4
664,665,1
664,666,1
664,744,7
664,745,3
664,750,1
665,666,1
665,745,5
665,750,4
666,745,33
666,750,1
666,756,12
668,766,21
668,767,22
668,768,34
668,769,14
668,772,18
668,967,22
668,988,24
67,966,15
67,988,15
671,676,2
671,680,4
671,690,5
671,7,2
671,72,1
671,74,3
671,8,1
671,805,2
671,818,2
671,823,8
671,838,2
671,866,2
671,871,2
671,873,7
671,874,2
671,875,2
671,876,2
671,877,16
671,878,2
671,879,8
671,940,1
671,969,1
671,977,4
675,684,1
675,7,1
675,732,48
675,762,9
675,8,3
675,82,1
675,883,1
675,9,7
675,909,1
675,945,1
675,946,1
675,962,7
675,971,1
675,975,103
675,977,1
675,979,25
675,981,1
675,982,1
675,983,37
675,984,1
675,985,99
675,986,24
675,987,72
675,989,23
675,990,26
675,991,55
676,690,4
676,72,2
676,74,3
676,805,25
676,818,2
676,838,3
676,866,8
676,871,4
676,874,10
676,875,10
676,876,10
676,878,13
676,940,18
678,679,7
678,727,5
678,787,5
678,788,5
678,790,7
678,791,5
678,793,5
678,858,5
678,865,4
679,727,5
679,787,5
679,788,5
679,790,33
679,791,5
679,793,5
679,858,5
679,865,4
680,681,7
680,691,12
680,72,2
680,811,2
680,823,16
680,84,2
680,877,2
680,879,4
680,89,4
680,910,7
680,930,2
680,940,7
680,950,7
680,951,1
681,691,7
681,72,1
681,811,15
681,823,1
681,84,1
681,879,15
681,887,4
681,89,1
681,910,11
681,92,1
681,930,2
681,940,8
681,945,2
681,946,2
681,950,33
684,7,1
684,732,16
684,733,10
684,734,14
684,737,12
684,738,20
684,760,6
684,761,6
684,762,14
684,8,2
684,82,3
684,882,12
684,883,5
684,9,2
684,906,6
684,909,3
684,945,1
684,946,1
684,961,14
684,962,27
684,971,1
684,975,3
684,977,1
684,978,12
684,981,7
684,982,7
684,983,3
684,984,30
684,985,3
684,987,3
690,7,2
690,8,1
690,873,5
690,878,11
690,969,1
690,977,4
691,697,6
691,72,2
691,806,6
691,808,6
691,811,2
691,823,4
691,828,21
691,858,6
691,877,4
691,879,4
691,887,32
691,891,14
691,910,68
691,92,14
691,930,3
691,940,10
691,950,10
692,701,3
692,707,3
692,709,1
692,712,1
693,694,5
693,743,9
693,770,9
694,743,5
694,770,5
695,698,1
695,748,1
695,749,15
695,800,12
695,810,2
695,816,2
695,817,6
695,820,15
695,826,14
695,827,32
695,848,1
695,853,2
695,912,2
695,920,6
697,701,48
697,705,39
697,707,18
697,709,12
697,712,51
697,713,6
697,714,4
697,715,8
697,719,1
697,722,31
697,727,44
697,782,9
697,787,35
697,788,18
697,791,6
697,793,27
697,795,157
697,796,113
697,801,46
697,803,64
697,806,347
697,808,18
697,828,1
697,858,165
697,865,18
697,887,13
697,891,6
697,910,7
698,748,45
698,749,6
698,800,11
698,826,1
698,827,1
698,848,12
699,930,13
699,963,4
7,8,34
7,811,7
7,82,35
7,873,2
7,883,1
7,909,34
7,945,4
7,946,3
7,950,21
7,971,22
7,975,34
7,977,7
7,981,34
7,982,34
7,983,34
7,984,34
7,985,34
7,987,34
701,705,12
701,707,4
701,709,40
701,712,89
701,713,34
701,714,22
701,715,18
701,719,35
701,721,34
701,722,90
701,724,20
701,727,13
701,729,5
701,763,34
701,770,19
701,780,19
701,781,19
701,782,20
701,783,28
701,784,34
701,785,33
701,786,35
701,792,5
701,795,33
701,798,19
701,806,48
701,858,55
705,707,14
705,709,12
705,712,19
705,728,15
705,806,39
705,828,18
705,858,39
705,887,4
705,889,16
707,709,2
707,712,2
707,728,2
707,729,16
707,775,16
707,776,16
707,789,21
707,792,16
707,794,16
707,799,27
707,804,26
707,806,18
707,808,21
707,814,19
707,829,22
707,858,18
709,712,27
709,806,12
709,858,12
710,722,21
712,713,48
712,714,10
712,715,10
712,719,45
712,721,44
712,722,60
712,724,36
712,727,28
712,763,44
712,770,34
712,780,34
712,781,34
712,782,35
712,783,22
712,784,44
712,785,43
712,786,44
712,795,47
712,798,34
712,806,51
712,858,57
713,714,17
713,715,13
713,719,50
713,721,50
713,722,31
713,724,36
713,727,28
713,763,50
713,770,34
713,780,34
713,781,34
713,782,35
713,783,22
713,784,50
713,785,49
713,786,50
713,795,55
713,798,34
713,806,6
713,858,10
714,715,20
714,719,8
714,721,8
714,722,24
714,724,9
714,727,9
714,763,8
714,770,9
714,780,9
714,781,9
714,782,9
714,783,8
714,784,8
714,785,7
714,786,8
714,795,11
714,798,9
714,806,4
714,858,7
715,719,6
715,721,6
715,722,21
715,724,7
715,727,11
715,763,6
715,770,7
715,780,7
715,781,8
715,782,7
715,783,12
715,784,6
715,785,6
715,786,6
715,795,14
715,798,7
715,806,8
715,858,10
719,721,55
719,722,28
719,724,36
719,727,29
719,763,55
719,770,35
719,780,35
719,781,35
719,782,36
719,783,22
719,784,55
719,785,53
719,786,56
719,795,49
719,798,35
719,806,1
719,858,8
72,74,1
72,805,2
72,811,2
72,838,2
72,866,1
72,871,33
72,874,2
72,875,2
72,876,2
72,887,1
72,910,2
72,940,15
72,950,2
721,722,27
721,724,36
721,727,28
721,763,102
721,770,34
721,780,34
721,781,34
721,782,35
721,783,22
721,784,66
721,785,93
721,786,94
721,795,49
721,798,34
721,858,6
722,724,19
722,727,11
722,763,27
722,770,17
722,780,17
722,781,17
722,782,18
722,783,27
722,784,27
722,785,26
722,786,27
722,795,30
722,798,17
722,806,31
722,858,37
724,727,29
724,763,36
724,770,35
724,780,35
724,781,35
724,782,75
724,783,20
724,784,36
724,785,35
724,786,36
724,795,35
724,798,35
724,858,6
727,763,28
727,770,47
727,780,69
727,781,57
727,782,31
727,783,12
727,784,28
727,785,28
727,786,30
727,787,55
727,788,52
727,790,5
727,791,26
727,793,47
727,795,84
727,798,77
727,806,42
727,858,160
727,865,4
728,828,33
728,887,3
728,889,30
729,775,58
729,776,50
729,789,16
729,792,87
729,794,51
729,799,22
729,804,22
729,808,18
729,814,10
729,829,17
732,733,24
732,734,22
732,737,20
732,738,16
732,760,9
732,761,9
732,762,12
732,882,20
732,906,9
732,961,22
732,962,12
732,975,48
732,978,20
732,979,22
732,983,6
732,984,16
732,985,60
732,986,21
732,987,26
732,989,22
732,990,21
732,991,61
733,734,18
733,737,18
733,738,10
733,760,9
733,761,9
733,762,10
733,882,18
733,906,9
733,961,18
733,962,10
733,978,18
733,984,10
734,737,24
734,738,14
734,760,9
734,761,9
734,762,14
734,882,24
734,906,9
734,961,26
734,962,10
734,978,24
734,984,14
737,738,12
737,760,42
737,761,34
737,762,14
737,882,48
737,883,6
737,906,42
737,961,34
737,962,10
737,978,49
737,981,21
737,982,25
737,984,12
738,760,3
738,761,3
738,762,14
738,882,12
738,906,3
738,961,14
738,962,16
738,978,12
738,984,31
74,805,3
74,818,8
74,838,3
74,866,9
74,871,3
74,874,3
74,875,3
74,876,3
74,878,6
741,742,22
741,77,1
741,777,7
741,78,1
741,847,26
741,853,21
741,920,21
742,77,7
742,777,7
742,78,11
742,847,22
742,853,21
742,920,21
743,770,29
743,774,18
743,783,10
743,798,19
744,750,26
744,752,1
745,746,29
745,750,1
747,748,17
747,749,17
747,753,37
747,754,6
747,755,6
747,756,6
747,758,7
747,759,38
747,800,12
747,868,19
748,749,39
748,753,17
748,754,6
748,755,6
748,756,6
748,758,6
748,759,17
748,800,23
748,826,1
748,827,1
748,848,12
748,868,17
749,753,17
749,754,6
749,755,6
749,756,6
749,758,6
749,759,17
749,800,33
749,826,44
749,827,19
749,848,19
749,868,17
750,756,36
750,757,77
750,812,17
750,850,34
751,777,27
751,816,9
751,817,1
751,853,2
753,754,7
753,755,7
753,756,7
753,758,6
753,759,39
753,800,12
753,868,17
754,755,71
754,756,7
754,758,10
754,759,6
754,800,6
754,868,6
755,756,7
755,758,10
755,759,6
755,800,6
755,868,6
756,757,6
756,758,12
756,759,6
756,800,6
756,868,6
757,812,17
757,850,34
758,759,7
758,800,6
758,868,7
759,800,12
759,868,18
760,761,41
760,762,1
760,882,33
760,883,6
760,906,122
760,961,19
760,962,6
760,978,34
760,981,23
760,982,27
760,984,6
761,762,1
761,882,33
761,883,6
761,906,41
761,961,19
761,962,6
761,976,66
761,978,96
761,981,83
761,982,27
761,984,6
762,8,19
762,82,17
762,882,14
762,883,2
762,9,30
762,906,1
762,961,14
762,962,31
762,975,11
762,978,14
762,983,15
762,984,12
762,985,11
762,987,11
763,770,34
763,780,34
763,781,34
763,782,35
763,783,22
763,784,66
763,785,92
763,786,93
763,795,49
763,798,34
763,858,6
766,767,21
766,768,21
766,769,14
766,772,18
766,966,13
766,967,21
766,988,48
767,768,22
767,769,15
767,772,20
767,967,50
767,988,21
768,769,14
768,772,18
768,967,22
768,988,24
769,772,31
769,949,37
769,967,15
769,988,14
77,78,32
77,800,8
77,847,1
77,912,8
77,920,2
770,780,53
770,781,53
770,782,37
770,783,23
770,784,34
770,785,33
770,786,36
770,795,33
770,798,53
770,858,24
772,949,8
772,967,20
772,988,18
774,798,26
775,776,50
775,778,45
775,789,16
775,792,56
775,794,50
775,799,22
775,804,22
775,808,18
775,814,10
775,829,16
776,778,44
776,789,16
776,792,50
776,794,50
776,799,22
776,804,22
776,808,18
776,814,10
776,829,20
776,986,76
776,987,76
776,989,38
777,820,9
777,821,25
777,827,9
777,847,7
777,853,7
777,920,7
778,829,4
778,986,42
778,987,42
778,989,4
78,800,8
78,847,1
78,912,8
78,920,2
780,781,63
780,782,38
780,783,18
780,784,34
780,785,33
780,786,36
780,795,33
780,798,75
780,858,46
781,782,37
781,783,18
781,784,34
781,785,33
781,786,36
781,795,33
781,798,63
781,858,34
782,783,19
782,784,35
782,785,34
782,786,37
782,795,42
782,798,37
782,806,9
782,858,8
783,784,22
783,785,21
783,786,22
783,795,21
783,798,18
783,858,6
784,785,64
784,786,66
784,795,49
784,798,34
784,858,6
785,786,89
785,795,49
785,798,33
785,858,6
786,795,49
786,798,36
786,858,8
787,788,35
787,790,5
787,791,26
787,793,47
787,795,47
787,806,33
787,858,55
787,865,4
788,790,5
788,791,22
788,793,38
788,795,32
788,806,18
788,858,52
788,865,4
789,792,16
789,794,16
789,799,54
789,804,25
789,808,17
789,814,11
789,829,42
790,791,5
790,793,5
790,858,5
790,865,4
791,793,26
791,795,20
791,806,6
791,858,26
791,865,4
792,794,51
792,799,22
792,804,22
792,808,18
792,814,10
792,829,17
793,795,39
793,806,25
793,858,47
793,865,4
794,799,22
794,804,22
794,808,18
794,814,10
794,829,17
795,796,7
795,798,33
795,803,7
795,806,157
795,858,66
795,865,19
796,801,46
796,803,83
796,806,64
798,858,54
799,804,42
799,808,22
799,814,19
799,829,41
8,811,6
8,82,94
8,873,1
8,883,2
8,9,32
8,909,80
8,950,20
8,962,17
8,969,1
8,971,21
8,975,90
8,977,1
8,981,80
8,982,80
8,983,90
8,984,80
8,985,90
8,987,90
800,810,1
800,816,1
800,817,5
800,820,20
800,826,6
800,827,26
800,848,6
800,853,20
800,868,12
800,912,39
800,920,38
800,963,2
801,803,36
801,806,36
803,806,101
804,808,21
804,814,18
804,829,30
805,818,2
805,838,3
805,866,8
805,871,4
805,874,10
805,875,10
805,876,10
805,878,6
805,940,18
806,808,18
806,828,1
806,858,163
806,865,18
806,887,13
806,891,6
806,910,7
808,814,20
808,828,2
808,829,18
808,858,18
808,887,12
808,891,6
808,910,6
810,816,14
810,817,2
810,820,1
810,827,1
810,853,2
810,912,2
810,920,1
811,82,6
811,838,3
811,879,4
811,887,2
811,909,6
811,910,4
811,920,1
811,930,2
811,940,4
811,950,17
811,951,12
811,971,6
811,975,6
811,977,1
811,981,6
811,982,6
811,983,6
811,984,6
811,985,6
811,987,6
812,850,19
814,829,12
816,817,18
816,820,1
816,827,1
816,853,6
816,912,2
816,920,1
817,820,5
817,827,5
817,853,6
817,912,2
817,920,16
818,838,2
818,866,14
818,871,2
818,874,2
818,875,2
818,876,2
818,878,16
82,883,3
82,9,39
82,909,81
82,945,1
82,946,1
82,950,20
82,962,16
82,971,22
82,975,81
82,977,2
82,981,81
82,982,81
82,983,81
82,984,81
82,985,81
82,987,81
820,821,7
820,827,48
820,853,7
820,912,15
820,920,20
821,827,7
823,828,5
823,84,5
823,877,21
823,879,13
823,887,4
823,89,11
823,891,5
823,910,4
823,92,2
823,950,1
826,827,19
826,848,16
827,848,1
827,853,7
827,912,15
827,920,20
828,858,1
828,877,5
828,879,21
828,887,8
828,889,42
828,891,10
828,910,21
828,92,4
829,986,4
829,987,4
829,989,88
831,832,53
831,833,49
831,835,7
831,836,8
831,842,7
831,936,2
832,833,49
832,835,7
832,836,8
832,842,7
832,936,2
833,835,7
833,836,8
833,842,7
833,936,2
834,835,2
834,837,2
834,849,17
834,935,17
834,936,2
835,836,7
835,837,69
835,842,52
835,849,44
835,935,18
835,936,114
836,842,7
836,936,71
837,839,9
837,849,44
837,935,18
837,936,69
838,866,3
838,871,5
838,874,3
838,875,3
838,876,3
838,878,2
838,910,2
838,920,2
838,930,3
838,940,2
838,950,2
838,951,3
84,89,5
84,92,2
84,950,1
842,936,45
847,853,21
847,920,21
849,935,37
849,936,44
853,912,21
853,920,41
858,865,4
858,887,13
858,891,6
858,910,7
866,869,26
866,871,3
866,874,11
866,875,10
866,876,4
866,878,19
866,940,7
869,874,1
869,875,5
869,876,1
869,878,1
869,940,4
871,874,4
871,875,4
871,876,4
871,878,2
871,940,1
873,877,16
873,969,1
873,977,9
874,875,22
874,876,16
874,878,2
874,940,7
875,876,14
875,878,2
875,940,7
876,878,2
876,940,7
877,879,5
877,887,4
877,891,5
877,910,4
877,977,6
878,940,4
879,887,4
879,891,5
879,910,4
879,92,4
879,945,2
879,946,2
879,950,8
882,883,25
882,906,33
882,961,34
882,962,10
882,978,48
882,981,20
882,982,43
882,984,12
883,9,2
883,906,6
883,909,1
883,945,1
883,946,1
883,961,2
883,962,6
883,971,1
883,975,3
883,977,1
883,978,6
883,981,9
883,982,32
883,983,3
883,984,3
883,985,3
883,987,3
887,889,4
887,891,10
887,910,39
887,92,17
887,950,4
89,92,2
89,950,1
891,910,14
9,909,14
9,962,41
9,975,21
9,981,14
9,982,14
9,983,29
9,984,14
9,985,21
9,987,21
906,961,19
906,962,6
906,978,34
906,981,23
906,982,27
906,984,6
909,945,1
909,946,1
909,950,20
909,962,18
909,971,21
909,975,81
909,977,2
909,981,99
909,982,99
909,983,82
909,984,99
909,985,81
909,987,81
910,92,17
910,920,7
910,930,6
910,940,17
910,950,22
910,951,1
912,920,36
912,930,3
912,951,4
912,963,3
92,950,2
920,930,7
920,940,7
920,950,7
920,951,5
920,963,2
930,940,7
930,950,6
930,951,15
930,963,29
935,936,18
940,950,18
940,951,2
945,946,22
945,971,1
945,975,1
945,977,3
945,981,1
945,982,1
945,983,1
945,984,1
945,985,1
945,987,1
946,971,1
946,975,1
946,977,2
946,981,1
946,982,1
946,983,1
946,984,1
946,985,1
946,987,1
949,966,15
949,988,14
950,951,1
950,969,23
950,971,7
950,975,20
950,977,1
950,981,20
950,982,20
950,983,20
950,984,20
950,985,20
950,987,20
951,963,3
961,962,10
961,978,34
961,981,20
961,982,10
961,984,14
962,975,14
962,978,10
962,981,36
962,982,36
962,983,26
962,984,47
962,985,14
962,987,14
966,988,30
967,988,21
971,975,21
971,977,2
971,981,21
971,982,21
971,983,21
971,984,21
971,985,21
971,987,21
975,977,2
975,979,26
975,981,81
975,982,81
975,983,124
975,984,81
975,985,187
975,986,25
975,987,160
975,989,24
975,990,26
975,991,55
977,981,2
977,982,2
977,983,2
977,984,2
977,985,2
977,987,2
978,981,81
978,982,25
978,984,12
979,985,25
979,986,47
979,987,28
979,989,57
979,990,25
979,991,26
981,982,141
981,983,81
981,984,109
981,985,81
981,987,81
982,983,81
982,984,109
982,985,81
982,987,81
983,984,81
983,985,124
983,987,124
984,985,81
984,987,81
985,986,24
985,987,159
985,989,23
985,990,26
985,991,67
986,987,106
986,989,86
986,990,24
986,991,23
987,989,67
987,990,5
987,991,28
989,990,23
989,991,24
990,991,25
