route_1,route_2,common_stop_count,common_stop_rank
697,806,347,1
975,985,187,2
697,858,165,3
806,858,163,4
727,858,160,5
975,987,160,5
985,987,159,6
697,795,157,7
795,806,157,7
981,982,141,8
975,983,124,9
983,985,124,9
983,987,124,9
760,906,122,10
835,936,114,11
697,796,113,12
981,984,109,13
982,984,109,13
986,987,106,14
602,660,105,15
602,800,105,15
675,975,103,16
721,763,102,17
321,983,101,18
803,806,101,18
675,985,99,19
909,981,99,19
909,982,99,19
909,984,99,19
660,800,98,20
321,82,97,21
761,978,96,22
721,786,94,23
8,82,94,23
721,785,93,24
763,786,93,24
763,785,92,25
701,722,90,26
8,975,90,26
8,983,90,26
8,985,90,26
8,987,90,26
321,975,89,27
321,985,89,27
321,987,89,27
701,712,89,27
785,786,89,27
829,989,88,28
729,792,87,29
611,796,86,30
986,989,86,30
727,795,84,31
761,981,83,32
796,803,83,32
909,983,82,33
321,8,81,34
82,909,81,34
82,975,81,34
82,981,81,34
82,982,81,34
82,983,81,34
82,984,81,34
82,985,81,34
82,987,81,34
909,975,81,34
909,985,81,34
909,987,81,34
975,981,81,34
975,982,81,34
975,984,81,34
978,981,81,34
981,983,81,34
981,985,81,34
981,987,81,34
982,983,81,34
982,985,81,34
982,987,81,34
983,984,81,34
984,985,81,34
984,987,81,34
8,909,80,35
8,981,80,35
8,982,80,35
8,984,80,35
609,803,77,36
611,803,77,36
727,798,77,36
750,757,77,36
776,986,76,37
776,987,76,37
724,782,75,38
780,798,75,38
321,909,74,39
321,981,74,39
321,982,74,39
321,984,74,39
609,806,73,40
675,987,72,41
611,616,71,42
616,796,71,42
616,803,71,42
754,755,71,42
836,936,71,42
727,780,69,43
835,837,69,43
837,936,69,43
611,697,68,44
691,910,68,44
152,910,67,45
652,653,67,45
985,991,67,45
987,989,67,45
609,611,66,46
609,796,66,46
721,784,66,46
761,976,66,46
763,784,66,46
784,786,66,46
795,858,66,46
599,699,65,47
285,875,64,48
609,616,64,48
697,803,64,48
784,785,64,48
796,806,64,48
284,285,63,49
661,745,63,49
780,781,63,49
781,798,63,49
602,608,62,50
608,660,62,50
609,697,62,50
732,991,61,51
135,742,60,52
651,653,60,52
712,722,60,52
732,985,60,52
152,691,59,53
476,676,59,53
611,806,59,53
651,652,58,54
729,775,58,54
616,697,57,55
616,806,57,55
657,756,57,55
660,661,57,55
660,745,57,55
712,858,57,55
727,781,57,55
979,989,57,55
719,786,56,56
775,792,56,56
104,285,55,57
608,800,55,57
675,991,55,57
701,858,55,57
713,795,55,57
719,721,55,57
719,763,55,57
719,784,55,57
727,787,55,57
787,858,55,57
975,991,55,57
125,426,54,58
577,77,54,58
789,799,54,58
798,858,54,58
284,875,53,59
502,662,53,59
719,785,53,59
770,780,53,59
770,781,53,59
770,798,53,59
831,832,53,59
125,326,52,60
229,529,52,60
727,788,52,60
788,858,52,60
835,842,52,60
648,748,51,61
697,712,51,61
712,806,51,61
729,794,51,61
792,794,51,61
477,77,50,62
503,513,50,62
503,599,50,62
513,599,50,62
560,60,50,62
713,719,50,62
713,721,50,62
713,763,50,62
713,784,50,62
713,786,50,62
729,776,50,62
767,967,50,62
775,776,50,62
775,794,50,62
776,792,50,62
776,794,50,62
249,568,49,63
713,785,49,63
719,795,49,63
721,795,49,63
737,978,49,63
763,795,49,63
784,795,49,63
785,795,49,63
786,795,49,63
831,833,49,63
832,833,49,63
551,950,48,64
608,820,48,64
675,732,48,64
697,701,48,64
701,806,48,64
712,713,48,64
732,975,48,64
737,882,48,64
766,988,48,64
820,827,48,64
882,978,48,64
117,60,47,65
171,417,47,65
508,887,47,65
712,795,47,65
727,770,47,65
727,793,47,65
787,793,47,65
787,795,47,65
793,858,47,65
962,984,47,65
979,986,47,65
121,200,46,66
697,801,46,66
780,858,46,66
796,801,46,66
342,816,45,67
465,471,45,67
477,577,45,67
698,748,45,67
712,719,45,67
775,778,45,67
842,936,45,67
128,428,44,68
168,249,44,68
197,77,44,68
321,9,44,68
503,699,44,68
513,699,44,68
697,727,44,68
712,721,44,68
712,763,44,68
712,784,44,68
712,786,44,68
749,826,44,68
776,778,44,68
835,849,44,68
837,849,44,68
849,936,44,68
152,887,43,69
168,568,43,69
502,598,43,69
658,748,43,69
712,785,43,69
882,982,43,69
152,508,42,70
285,374,42,70
295,820,42,70
508,808,42,70
645,646,42,70
727,806,42,70
737,760,42,70
737,906,42,70
778,986,42,70
778,987,42,70
782,795,42,70
789,829,42,70
799,804,42,70
828,889,42,70
104,866,41,71
374,874,41,71
470,490,41,71
5,6,41,71
760,761,41,71
761,906,41,71
799,829,41,71
853,920,41,71
9,962,41,71
200,508,40,72
428,827,40,72
5,7,40,72
557,598,40,72
6,7,40,72
609,621,40,72
618,796,40,72
618,803,40,72
645,835,40,72
701,709,40,72
104,940,39,73
128,749,39,73
329,429,39,73
508,910,39,73
597,599,39,73
597,699,39,73
602,912,39,73
608,912,39,73
616,618,39,73
621,796,39,73
621,803,39,73
646,835,39,73
660,912,39,73
662,699,39,73
697,705,39,73
705,806,39,73
705,858,39,73
748,749,39,73
753,759,39,73
793,795,39,73
800,912,39,73
82,9,39,73
887,910,39,73
18,579,38,74
214,249,38,74
335,477,38,74
353,818,38,74
470,940,38,74
515,930,38,74
53,57,38,74
559,598,38,74
577,78,38,74
602,920,38,74
608,827,38,74
608,920,38,74
611,618,38,74
616,621,38,74
640,642,38,74
645,842,38,74
646,842,38,74
657,750,38,74
657,757,38,74
660,920,38,74
747,759,38,74
776,989,38,74
780,782,38,74
788,793,38,74
800,920,38,74
102,502,37,75
214,515,37,75
342,443,37,75
490,515,37,75
5,82,37,75
522,877,37,75
611,621,37,75
675,983,37,75
722,858,37,75
747,753,37,75
769,949,37,75
770,782,37,75
781,782,37,75
782,786,37,75
782,798,37,75
849,935,37,75
104,875,36,76
117,367,36,76
121,821,36,76
214,930,36,76
240,426,36,76
240,434,36,76
247,447,36,76
321,5,36,76
367,60,36,76
426,434,36,76
443,816,36,76
470,515,36,76
5,8,36,76
5,909,36,76
5,975,36,76
5,981,36,76
5,982,36,76
5,983,36,76
5,984,36,76
5,985,36,76
5,987,36,76
598,662,36,76
648,658,36,76
712,724,36,76
713,724,36,76
719,724,36,76
719,782,36,76
721,724,36,76
724,763,36,76
724,784,36,76
724,786,36,76
750,756,36,76
770,786,36,76
780,786,36,76
781,786,36,76
786,798,36,76
801,803,36,76
801,806,36,76
912,920,36,76
962,981,36,76
962,982,36,76
117,317,35,77
117,64,35,77
121,777,35,77
193,524,35,77
200,887,35,77
229,429,35,77
295,608,35,77
428,749,35,77
472,871,35,77
6,82,35,77
60,64,35,77
621,697,35,77
621,806,35,77
697,787,35,77
7,82,35,77
701,719,35,77
701,786,35,77
712,782,35,77
713,782,35,77
719,770,35,77
719,780,35,77
719,781,35,77
719,798,35,77
721,782,35,77
724,770,35,77
724,780,35,77
724,781,35,77
724,785,35,77
724,795,35,77
724,798,35,77
763,782,35,77
782,784,35,77
787,788,35,77
193,522,34,78
196,477,34,78
321,6,34,78
321,7,34,78
367,368,34,78
367,64,34,78
428,820,34,78
510,910,34,78
54,555,34,78
584,585,34,78
6,8,34,78
6,909,34,78
6,975,34,78
6,981,34,78
6,982,34,78
6,983,34,78
6,984,34,78
6,985,34,78
6,987,34,78
668,768,34,78
7,8,34,78
7,909,34,78
7,975,34,78
7,981,34,78
7,982,34,78
7,983,34,78
7,984,34,78
7,985,34,78
7,987,34,78
701,713,34,78
701,721,34,78
701,763,34,78
701,784,34,78
712,770,34,78
712,780,34,78
712,781,34,78
712,798,34,78
713,770,34,78
713,780,34,78
713,781,34,78
713,798,34,78
721,770,34,78
721,780,34,78
721,781,34,78
721,798,34,78
737,761,34,78
737,961,34,78
750,850,34,78
757,850,34,78
760,978,34,78
763,770,34,78
763,780,34,78
763,781,34,78
763,798,34,78
770,784,34,78
780,784,34,78
781,784,34,78
781,858,34,78
782,785,34,78
784,798,34,78
882,961,34,78
906,978,34,78
961,978,34,78
104,470,33,79
105,171,33,79
121,920,33,79
135,137,33,79
137,742,33,79
152,353,33,79
152,510,33,79
268,358,33,79
321,551,33,79
346,446,33,79
353,510,33,79
353,691,33,79
353,910,33,79
472,72,33,79
472,878,33,79
480,551,33,79
510,691,33,79
522,823,33,79
523,524,33,79
551,82,33,79
551,909,33,79
551,975,33,79
551,981,33,79
551,982,33,79
551,983,33,79
551,984,33,79
551,985,33,79
551,987,33,79
602,749,33,79
648,749,33,79
660,666,33,79
661,666,33,79
666,745,33,79
679,790,33,79
681,950,33,79
701,785,33,79
701,795,33,79
72,871,33,79
728,828,33,79
749,800,33,79
760,882,33,79
761,882,33,79
770,785,33,79
770,795,33,79
780,785,33,79
780,795,33,79
781,785,33,79
781,795,33,79
785,798,33,79
787,806,33,79
795,798,33,79
882,906,33,79
102,662,32,80
137,78,32,80
147,434,32,80
171,676,32,80
23,823,32,80
304,490,32,80
321,762,32,80
551,8,32,80
560,67,32,80
60,67,32,80
618,621,32,80
658,749,32,80
691,887,32,80
695,827,32,80
77,78,32,80
788,795,32,80
8,9,32,80
883,982,32,80
104,284,31,81
123,342,31,81
126,326,31,81
147,240,31,81
147,426,31,81
148,426,31,81
171,476,31,81
176,177,31,81
18,575,31,81
200,539,31,81
304,470,31,81
304,515,31,81
346,810,31,81
359,599,31,81
359,699,31,81
364,560,31,81
508,691,31,81
575,579,31,81
609,618,31,81
645,936,31,81
646,936,31,81
697,722,31,81
713,722,31,81
722,806,31,81
727,782,31,81
738,984,31,81
762,962,31,81
769,772,31,81
104,374,30,82
147,148,30,82
148,240,30,82
148,258,30,82
148,434,30,82
200,910,30,82
214,662,30,82
214,699,30,82
249,662,30,82
249,699,30,82
305,971,30,82
322,326,30,82
335,77,30,82
442,816,30,82
502,599,30,82
517,522,30,82
619,750,30,82
619,757,30,82
619,850,30,82
684,984,30,82
722,795,30,82
727,786,30,82
728,889,30,82
762,9,30,82
804,829,30,82
966,988,30,82
102,504,29,83
117,302,29,83
123,816,29,83
147,847,29,83
152,200,29,83
16,520,29,83
200,691,29,83
224,823,29,83
240,577,29,83
302,60,29,83
302,64,29,83
304,536,29,83
326,430,29,83
329,529,29,83
330,543,29,83
423,442,29,83
426,430,29,83
426,577,29,83
426,78,29,83
428,602,29,83
428,660,29,83
428,800,29,83
434,577,29,83
501,502,29,83
535,912,29,83
568,570,29,83
661,746,29,83
719,727,29,83
724,727,29,83
743,770,29,83
745,746,29,83
9,983,29,83
930,963,29,83
102,501,28,84
125,240,28,84
125,322,28,84
125,434,28,84
125,577,28,84
135,197,28,84
140,240,28,84
147,577,28,84
147,77,28,84
147,78,28,84
148,78,28,84
157,27,28,84
196,197,28,84
197,742,28,84
214,963,28,84
240,77,28,84
240,78,28,84
259,59,28,84
302,367,28,84
426,77,28,84
428,446,28,84
428,595,28,84
434,77,28,84
434,78,28,84
442,446,28,84
446,810,28,84
446,820,28,84
446,827,28,84
480,950,28,84
491,828,28,84
502,504,28,84
515,963,28,84
522,671,28,84
532,847,28,84
595,820,28,84
595,827,28,84
701,783,28,84
712,727,28,84
713,727,28,84
719,722,28,84
721,727,28,84
727,763,28,84
727,784,28,84
727,785,28,84
979,987,28,84
987,991,28,84
104,490,27,85
117,57,27,85
125,147,27,85
125,77,27,85
125,78,27,85
140,147,27,85
140,148,27,85
140,426,27,85
140,434,27,85
148,577,27,85
148,77,27,85
193,224,27,85
196,77,27,85
197,477,27,85
206,515,27,85
206,536,27,85
222,853,27,85
224,522,27,85
27,556,27,85
302,57,27,85
304,476,27,85
304,676,27,85
367,57,27,85
418,466,27,85
465,476,27,85
491,891,27,85
501,504,27,85
523,877,27,85
535,602,27,85
535,608,27,85
535,660,27,85
535,800,27,85
535,920,27,85
565,566,27,85
57,60,27,85
57,64,27,85
660,749,27,85
684,962,27,85
697,793,27,85
707,799,27,85
709,712,27,85
721,722,27,85
722,763,27,85
722,783,27,85
722,784,27,85
722,786,27,85
751,777,27,85
760,982,27,85
761,982,27,85
906,982,27,85
125,140,26,86
125,148,26,86
126,222,26,86
126,853,26,86
126,920,26,86
136,741,26,86
137,197,26,86
140,577,26,86
140,77,26,86
140,78,26,86
156,27,26,86
197,577,26,86
222,326,26,86
222,920,26,86
224,23,26,86
233,484,26,86
258,741,26,86
258,847,26,86
267,358,26,86
321,962,26,86
322,426,26,86
326,853,26,86
326,920,26,86
359,503,26,86
359,513,26,86
428,608,26,86
430,741,26,86
490,940,26,86
502,557,26,86
510,650,26,86
515,676,26,86
517,877,26,86
557,662,26,86
602,827,26,86
618,697,26,86
618,806,26,86
640,675,26,86
640,975,26,86
640,985,26,86
640,990,26,86
641,979,26,86
641,991,26,86
642,675,26,86
642,975,26,86
642,985,26,86
642,990,26,86
660,827,26,86
675,990,26,86
707,804,26,86
722,785,26,86
727,791,26,86
732,987,26,86
734,961,26,86
741,847,26,86
744,750,26,86
774,798,26,86
787,791,26,86
791,793,26,86
791,858,26,86
800,827,26,86
866,869,26,86
962,983,26,86
975,979,26,86
975,990,26,86
979,991,26,86
985,990,26,86
119,54,25,87
119,555,25,87
200,821,25,87
23,523,25,87
23,680,25,87
23,877,25,87
268,367,25,87
268,468,25,87
285,874,25,87
326,426,25,87
335,577,25,87
364,564,25,87
476,490,25,87
480,969,25,87
490,676,25,87
502,699,25,87
503,597,25,87
513,597,25,87
551,969,25,87
560,564,25,87
640,641,25,87
640,979,25,87
640,991,25,87
641,642,25,87
641,675,25,87
641,975,25,87
641,985,25,87
641,990,25,87
642,979,25,87
642,991,25,87
643,644,25,87
675,979,25,87
676,805,25,87
737,982,25,87
777,821,25,87
789,804,25,87
793,806,25,87
882,883,25,87
975,986,25,87
978,982,25,87
979,985,25,87
979,990,25,87
990,991,25,87
128,848,24,88
136,240,24,88
157,879,24,88
193,23,24,88
193,680,24,88
200,777,24,88
206,470,24,88
206,490,24,88
214,330,24,88
267,560,24,88
267,60,24,88
267,67,24,88
330,515,24,88
330,963,24,88
335,434,24,88
358,468,24,88
365,566,24,88
430,435,24,88
442,443,24,88
470,476,24,88
470,676,24,88
476,515,24,88
476,805,24,88
5,551,24,88
515,536,24,88
640,986,24,88
641,989,24,88
642,986,24,88
668,988,24,88
675,986,24,88
714,722,24,88
732,733,24,88
734,737,24,88
734,882,24,88
734,978,24,88
768,988,24,88
770,858,24,88
975,989,24,88
985,986,24,88
986,990,24,88
989,991,24,88
105,484,23,89
125,335,23,89
125,477,23,89
147,335,23,89
152,539,23,89
156,157,23,89
171,484,23,89
193,877,23,89
197,258,23,89
197,741,23,89
197,847,23,89
240,335,23,89
240,477,23,89
328,963,23,89
330,930,23,89
335,426,23,89
344,445,23,89
426,477,23,89
434,477,23,89
443,446,23,89
465,470,23,89
470,471,23,89
470,536,23,89
490,536,23,89
501,662,23,89
504,662,23,89
539,691,23,89
539,887,23,89
539,910,23,89
565,585,23,89
602,748,23,89
640,989,23,89
641,986,23,89
642,989,23,89
652,936,23,89
660,746,23,89
675,989,23,89
748,800,23,89
760,981,23,89
770,783,23,89
906,981,23,89
950,969,23,89
985,989,23,89
986,991,23,89
989,990,23,89
102,503,22,90
102,513,22,90
102,599,22,90
104,515,22,90
123,443,22,90
128,602,22,90
128,660,22,90
128,800,22,90
135,258,22,90
135,741,22,90
135,847,22,90
136,258,22,90
136,487,22,90
136,847,22,90
136,920,22,90
137,258,22,90
137,537,22,90
137,741,22,90
137,847,22,90
147,477,22,90
171,465,22,90
18,19,22,90
20,520,22,90
206,304,22,90
214,328,22,90
249,570,22,90
258,532,22,90
258,742,22,90
305,5,22,90
305,6,22,90
305,7,22,90
305,82,22,90
311,945,22,90
328,330,22,90
328,515,22,90
335,78,22,90
358,67,22,90
435,741,22,90
446,595,22,90
471,476,22,90
472,515,22,90
477,78,22,90
484,74,22,90
487,920,22,90
5,971,22,90
501,503,22,90
501,513,22,90
501,599,22,90
502,503,22,90
502,513,22,90
503,504,22,90
504,513,22,90
504,599,22,90
508,539,22,90
515,539,22,90
522,588,22,90
537,78,22,90
54,59,22,90
551,6,22,90
551,7,22,90
564,64,22,90
588,823,22,90
6,971,22,90
641,732,22,90
668,767,22,90
668,967,22,90
7,971,22,90
701,714,22,90
707,829,22,90
712,783,22,90
713,783,22,90
719,783,22,90
721,783,22,90
729,799,22,90
729,804,22,90
732,734,22,90
732,961,22,90
732,979,22,90
732,989,22,90
741,742,22,90
742,847,22,90
763,783,22,90
767,768,22,90
768,967,22,90
775,799,22,90
775,804,22,90
776,799,22,90
776,804,22,90
783,784,22,90
783,786,22,90
788,791,22,90
792,799,22,90
792,804,22,90
794,799,22,90
794,804,22,90
799,808,22,90
82,971,22,90
874,875,22,90
910,950,22,90
945,946,22,90
104,465,21,91
104,471,21,91
104,869,21,91
111,317,21,91
111,966,21,91
111,988,21,91
126,135,21,91
126,136,21,91
126,137,21,91
126,197,21,91
126,258,21,91
126,487,21,91
126,741,21,91
126,742,21,91
126,847,21,91
128,826,21,91
135,136,21,91
135,222,21,91
135,326,21,91
135,487,21,91
135,577,21,91
135,853,21,91
135,920,21,91
136,137,21,91
136,197,21,91
136,222,21,91
136,326,21,91
136,430,21,91
136,742,21,91
136,853,21,91
137,222,21,91
137,326,21,91
137,487,21,91
137,853,21,91
137,920,21,91
140,335,21,91
140,477,21,91
148,335,21,91
148,477,21,91
152,828,21,91
17,517,21,91
17,522,21,91
17,877,21,91
171,471,21,91
19,523,21,91
19,524,21,91
196,577,21,91
197,222,21,91
197,326,21,91
197,487,21,91
197,853,21,91
197,920,21,91
202,204,21,91
202,206,21,91
204,206,21,91
222,258,21,91
222,487,21,91
222,741,21,91
222,742,21,91
222,847,21,91
229,430,21,91
249,515,21,91
249,930,21,91
258,326,21,91
258,487,21,91
258,853,21,91
258,920,21,91
268,368,21,91
285,940,21,91
305,321,21,91
305,8,21,91
305,909,21,91
305,975,21,91
305,981,21,91
305,982,21,91
305,983,21,91
305,984,21,91
305,985,21,91
305,987,21,91
317,966,21,91
317,988,21,91
321,971,21,91
326,487,21,91
326,741,21,91
326,742,21,91
326,847,21,91
328,930,21,91
367,505,21,91
374,940,21,91
428,826,21,91
430,529,21,91
471,676,21,91
472,490,21,91
476,536,21,91
487,741,21,91
487,742,21,91
487,847,21,91
487,853,21,91
5,950,21,91
515,940,21,91
524,877,21,91
536,676,21,91
543,662,21,91
550,556,21,91
566,585,21,91
577,742,21,91
6,950,21,91
640,732,21,91
642,732,21,91
648,848,21,91
648,868,21,91
653,936,21,91
668,766,21,91
691,828,21,91
7,950,21,91
707,789,21,91
707,808,21,91
710,722,21,91
715,722,21,91
732,986,21,91
732,990,21,91
737,981,21,91
741,853,21,91
741,920,21,91
742,853,21,91
742,920,21,91
766,767,21,91
766,768,21,91
766,967,21,91
767,988,21,91
783,785,21,91
783,795,21,91
8,971,21,91
804,808,21,91
823,877,21,91
828,879,21,91
828,910,21,91
847,853,21,91
847,920,21,91
853,912,21,91
9,975,21,91
9,985,21,91
9,987,21,91
909,971,21,91
967,988,21,91
971,975,21,91
971,981,21,91
971,982,21,91
971,983,21,91
971,984,21,91
971,985,21,91
971,987,21,91
102,543,20,92
105,233,20,92
105,417,20,92
121,290,20,92
121,330,20,92
121,543,20,92
16,523,20,92
16,524,20,92
171,233,20,92
193,671,20,92
200,202,20,92
200,204,20,92
200,206,20,92
200,290,20,92
200,330,20,92
200,543,20,92
204,697,20,92
204,806,20,92
204,858,20,92
206,353,20,92
214,54,20,92
224,680,20,92
229,329,20,92
229,428,20,92
229,443,20,92
229,446,20,92
229,820,20,92
229,827,20,92
233,353,20,92
233,818,20,92
249,54,20,92
290,330,20,92
290,543,20,92
295,827,20,92
303,304,20,92
304,940,20,92
311,946,20,92
321,950,20,92
353,472,20,92
353,515,20,92
358,560,20,92
358,60,20,92
365,565,20,92
41,42,20,92
42,46,20,92
423,595,20,92
428,429,20,92
428,443,20,92
428,920,20,92
429,443,20,92
429,446,20,92
429,529,20,92
429,820,20,92
429,827,20,92
430,532,20,92
435,532,20,92
442,595,20,92
443,820,20,92
443,827,20,92
466,838,20,92
470,472,20,92
470,878,20,92
490,878,20,92
501,543,20,92
502,543,20,92
504,543,20,92
515,878,20,92
535,853,20,92
536,805,20,92
54,662,20,92
54,699,20,92
602,648,20,92
602,820,20,92
602,853,20,92
608,853,20,92
648,800,20,92
660,820,20,92
660,853,20,92
684,738,20,92
701,724,20,92
701,782,20,92
714,715,20,92
724,783,20,92
732,737,20,92
732,882,20,92
732,978,20,92
767,772,20,92
772,967,20,92
776,829,20,92
791,795,20,92
8,950,20,92
800,820,20,92
800,853,20,92
808,814,20,92
82,950,20,92
820,920,20,92
827,920,20,92
882,981,20,92
909,950,20,92
950,975,20,92
950,981,20,92
950,982,20,92
950,983,20,92
950,984,20,92
950,985,20,92
950,987,20,92
961,981,20,92
104,304,19,93
104,476,19,93
105,805,19,93
119,53,19,93
119,57,19,93
149,751,19,93
156,556,19,93
157,92,19,93
193,873,19,93
197,537,19,93
202,697,19,93
202,806,19,93
202,858,19,93
206,676,19,93
206,697,19,93
206,806,19,93
206,858,19,93
213,290,19,93
247,344,19,93
247,430,19,93
277,64,19,93
285,470,19,93
304,472,19,93
304,805,19,93
335,742,19,93
338,498,19,93
353,490,19,93
353,878,19,93
359,597,19,93
374,470,19,93
374,875,19,93
41,46,19,93
434,435,19,93
441,871,19,93
476,940,19,93
517,587,19,93
517,879,19,93
536,940,19,93
537,77,19,93
543,699,19,93
645,651,19,93
651,835,19,93
651,936,19,93
653,656,19,93
701,770,19,93
701,780,19,93
701,781,19,93
701,798,19,93
705,712,19,93
707,814,19,93
722,724,19,93
743,798,19,93
747,868,19,93
749,827,19,93
749,848,19,93
760,961,19,93
761,961,19,93
762,8,19,93
782,783,19,93
795,865,19,93
799,814,19,93
812,850,19,93
826,827,19,93
866,878,19,93
906,961,19,93
104,536,18,94
104,676,18,94
104,805,18,94
135,335,18,94
136,361,18,94
153,154,18,94
193,588,18,94
200,697,18,94
200,806,18,94
200,808,18,94
200,858,18,94
200,920,18,94
206,805,18,94
214,498,18,94
214,559,18,94
229,445,18,94
258,430,18,94
258,435,18,94
267,505,18,94
285,72,18,94
290,800,18,94
290,920,18,94
295,695,18,94
330,920,18,94
34,441,18,94
353,470,18,94
353,491,18,94
353,828,18,94
358,367,18,94
36,466,18,94
361,487,18,94
361,920,18,94
367,468,18,94
374,72,18,94
39,838,18,94
423,443,18,94
428,445,18,94
429,445,18,94
430,847,18,94
435,847,18,94
441,472,18,94
443,445,18,94
445,446,18,94
445,820,18,94
445,827,18,94
465,490,18,94
465,940,18,94
471,490,18,94
471,940,18,94
472,866,18,94
5,510,18,94
5,650,18,94
503,543,18,94
508,697,18,94
508,806,18,94
508,858,18,94
510,6,18,94
510,7,18,94
513,543,18,94
515,805,18,94
517,524,18,94
522,680,18,94
532,741,18,94
543,599,18,94
543,920,18,94
556,879,18,94
58,64,18,94
599,662,18,94
6,650,18,94
608,695,18,94
645,652,18,94
646,651,18,94
646,652,18,94
648,698,18,94
650,7,18,94
652,656,18,94
652,835,18,94
652,842,18,94
660,758,18,94
668,772,18,94
676,940,18,94
697,707,18,94
697,788,18,94
697,808,18,94
697,865,18,94
701,715,18,94
705,828,18,94
707,806,18,94
707,858,18,94
722,782,18,94
729,808,18,94
733,734,18,94
733,737,18,94
733,882,18,94
733,961,18,94
733,978,18,94
743,774,18,94
759,868,18,94
766,772,18,94
768,772,18,94
772,988,18,94
775,808,18,94
776,808,18,94
780,783,18,94
781,783,18,94
783,798,18,94
788,806,18,94
792,808,18,94
794,808,18,94
804,814,18,94
805,940,18,94
806,808,18,94
806,865,18,94
808,829,18,94
808,858,18,94
816,817,18,94
835,935,18,94
837,935,18,94
909,962,18,94
935,936,18,94
940,950,18,94
102,498,17,95
102,699,17,95
104,206,17,95
104,72,17,95
117,58,17,95
126,361,17,95
135,361,17,95
137,361,17,95
152,92,17,95
16,20,17,95
197,361,17,95
202,508,17,95
202,808,17,95
204,508,17,95
204,808,17,95
206,476,17,95
206,508,17,95
206,808,17,95
214,59,17,95
222,361,17,95
224,588,17,95
23,588,17,95
234,35,17,95
247,426,17,95
249,59,17,95
258,361,17,95
302,58,17,95
304,878,17,95
326,361,17,95
328,559,17,95
330,559,17,95
346,816,17,95
361,741,17,95
361,742,17,95
361,847,17,95
361,853,17,95
367,58,17,95
44,45,17,95
465,472,17,95
470,805,17,95
471,472,17,95
484,485,17,95
490,805,17,95
498,501,17,95
498,502,17,95
498,503,17,95
498,504,17,95
498,513,17,95
498,599,17,95
501,699,17,95
503,662,17,95
504,699,17,95
508,92,17,95
510,828,17,95
513,662,17,95
515,559,17,95
523,823,17,95
524,873,17,95
537,742,17,95
559,963,17,95
57,58,17,95
58,60,17,95
59,662,17,95
59,699,17,95
595,920,17,95
619,812,17,95
645,653,17,95
646,653,17,95
648,747,17,95
648,753,17,95
648,759,17,95
651,842,17,95
653,835,17,95
653,842,17,95
658,747,17,95
658,753,17,95
658,759,17,95
658,868,17,95
660,748,17,95
713,714,17,95
722,770,17,95
722,780,17,95
722,781,17,95
722,798,17,95
729,829,17,95
747,748,17,95
747,749,17,95
748,753,17,95
748,759,17,95
748,868,17,95
749,753,17,95
749,759,17,95
749,868,17,95
750,812,17,95
753,868,17,95
757,812,17,95
762,82,17,95
789,808,17,95
792,829,17,95
794,829,17,95
8,962,17,95
811,950,17,95
834,849,17,95
834,935,17,95
887,92,17,95
910,92,17,95
910,940,17,95
111,67,16,96
117,53,16,96
117,560,16,96
119,505,16,96
121,253,16,96
124,587,16,96
135,537,16,96
153,57,16,96
19,879,16,96
193,823,16,96
20,84,16,96
202,510,16,96
206,940,16,96
23,522,16,96
267,64,16,96
285,465,16,96
285,471,16,96
285,485,16,96
290,602,16,96
290,608,16,96
290,660,16,96
302,53,16,96
304,353,16,96
311,480,16,96
321,675,16,96
374,465,16,96
374,471,16,96
374,485,16,96
428,848,16,96
441,72,16,96
445,447,16,96
465,485,16,96
465,72,16,96
465,878,16,96
471,485,16,96
471,72,16,96
471,878,16,96
485,72,16,96
505,53,16,96
505,57,16,96
508,814,16,96
520,523,16,96
520,524,16,96
522,524,16,96
523,879,16,96
524,671,16,96
524,879,16,96
53,60,16,96
53,64,16,96
559,930,16,96
565,568,16,96
565,584,16,96
566,568,16,96
588,680,16,96
648,826,16,96
651,656,16,96
671,877,16,96
680,823,16,96
684,732,16,96
705,889,16,96
707,729,16,96
707,775,16,96
707,776,16,96
707,792,16,96
707,794,16,96
729,789,16,96
732,738,16,96
732,984,16,96
738,962,16,96
775,789,16,96
775,829,16,96
776,789,16,96
789,792,16,96
789,794,16,96
817,920,16,96
818,878,16,96
82,962,16,96
826,848,16,96
873,877,16,96
874,876,16,96
102,598,15,97
104,485,15,97
123,442,15,97
125,430,15,97
135,430,15,97
135,435,15,97
135,532,15,97
136,435,15,97
136,532,15,97
137,430,15,97
137,435,15,97
137,532,15,97
16,19,15,97
171,470,15,97
18,20,15,97
18,523,15,97
18,524,15,97
196,335,15,97
197,430,15,97
197,435,15,97
197,532,15,97
202,910,15,97
214,570,15,97
229,447,15,97
267,277,15,97
277,564,15,97
284,374,15,97
284,874,15,97
311,481,15,97
311,5,15,97
311,6,15,97
311,7,15,97
317,67,15,97
322,327,15,97
322,430,15,97
328,570,15,97
330,570,15,97
34,42,15,97
34,838,15,97
358,368,15,97
367,53,15,97
39,466,15,97
412,878,15,97
428,447,15,97
428,912,15,97
429,447,15,97
430,742,15,97
435,742,15,97
443,447,15,97
446,447,15,97
446,816,15,97
447,820,15,97
447,827,15,97
465,676,15,97
498,515,15,97
498,543,15,97
498,930,15,97
515,543,15,97
515,570,15,97
517,681,15,97
520,84,15,97
523,579,15,97
524,579,15,97
532,742,15,97
543,930,15,97
550,588,15,97
557,559,15,97
558,559,15,97
558,598,15,97
570,930,15,97
570,963,15,97
595,817,15,97
67,966,15,97
67,988,15,97
681,811,15,97
681,879,15,97
695,749,15,97
695,820,15,97
705,728,15,97
72,940,15,97
762,983,15,97
767,769,15,97
769,967,15,97
820,912,15,97
827,912,15,97
930,951,15,97
949,966,15,97
102,557,14,98
104,171,14,98
104,874,14,98
105,72,14,98
108,92,14,98
114,314,14,98
126,430,14,98
126,435,14,98
126,532,14,98
147,532,14,98
152,157,14,98
152,491,14,98
152,891,14,98
157,508,14,98
157,828,14,98
157,887,14,98
19,520,14,98
206,472,14,98
206,878,14,98
222,430,14,98
222,435,14,98
222,532,14,98
229,327,14,98
229,423,14,98
229,442,14,98
229,595,14,98
234,470,14,98
240,430,14,98
247,329,14,98
247,529,14,98
267,564,14,98
27,910,14,98
285,866,14,98
302,54,14,98
305,311,14,98
311,321,14,98
311,510,14,98
311,650,14,98
311,82,14,98
311,909,14,98
311,971,14,98
311,975,14,98
311,981,14,98
311,982,14,98
311,983,14,98
311,984,14,98
311,985,14,98
311,987,14,98
322,447,14,98
326,435,14,98
326,532,14,98
327,423,14,98
327,428,14,98
327,429,14,98
327,442,14,98
327,443,14,98
327,445,14,98
327,446,14,98
327,447,14,98
327,595,14,98
327,820,14,98
327,827,14,98
329,344,14,98
338,534,14,98
34,39,14,98
344,529,14,98
346,442,14,98
364,59,14,98
365,585,14,98
368,468,14,98
423,428,14,98
423,429,14,98
423,445,14,98
423,446,14,98
423,447,14,98
423,820,14,98
423,827,14,98
428,442,14,98
428,535,14,98
429,442,14,98
429,595,14,98
430,487,14,98
430,853,14,98
430,920,14,98
435,487,14,98
435,853,14,98
435,920,14,98
442,445,14,98
442,447,14,98
442,820,14,98
442,827,14,98
443,595,14,98
445,595,14,98
446,535,14,98
446,602,14,98
446,608,14,98
446,660,14,98
446,800,14,98
446,912,14,98
446,920,14,98
447,595,14,98
465,515,14,98
465,74,14,98
471,515,14,98
471,74,14,98
472,676,14,98
480,481,14,98
487,532,14,98
491,510,14,98
491,691,14,98
491,910,14,98
498,662,14,98
498,699,14,98
516,539,14,98
516,873,14,98
520,575,14,98
532,853,14,98
532,920,14,98
535,820,14,98
535,827,14,98
559,570,14,98
560,59,14,98
564,59,14,98
566,584,14,98
568,585,14,98
587,588,14,98
595,602,14,98
595,608,14,98
595,660,14,98
595,800,14,98
643,836,14,98
644,836,14,98
648,660,14,98
668,769,14,98
684,734,14,98
684,762,14,98
684,961,14,98
691,891,14,98
691,92,14,98
695,826,14,98
705,707,14,98
715,795,14,98
734,738,14,98
734,762,14,98
734,984,14,98
737,762,14,98
738,762,14,98
738,961,14,98
762,882,14,98
762,961,14,98
762,978,14,98
766,769,14,98
768,769,14,98
769,988,14,98
810,816,14,98
818,866,14,98
875,876,14,98
891,910,14,98
9,909,14,98
9,981,14,98
9,982,14,98
9,984,14,98
949,988,14,98
961,984,14,98
962,975,14,98
962,985,14,98
962,987,14,98
104,105,13,99
104,484,13,99
105,285,13,99
105,374,13,99
105,465,13,99
105,471,13,99
125,602,13,99
125,608,13,99
125,660,13,99
125,800,13,99
125,912,13,99
128,695,13,99
136,140,13,99
149,816,13,99
152,27,13,99
167,480,13,99
167,551,13,99
168,565,13,99
168,566,13,99
171,285,13,99
171,374,13,99
171,72,13,99
214,543,13,99
229,322,13,99
249,543,13,99
249,565,13,99
249,566,13,99
27,508,13,99
27,691,13,99
27,887,13,99
284,866,13,99
285,484,13,99
285,490,13,99
290,390,13,99
305,510,13,99
305,650,13,99
311,8,13,99
321,510,13,99
321,650,13,99
322,423,13,99
322,428,13,99
322,429,13,99
322,442,13,99
322,443,13,99
322,445,13,99
322,446,13,99
322,595,13,99
322,820,13,99
322,827,13,99
335,537,13,99
34,466,13,99
365,584,13,99
374,484,13,99
374,490,13,99
374,876,13,99
417,476,13,99
417,676,13,99
42,441,13,99
426,447,13,99
430,447,13,99
465,484,13,99
470,72,13,99
471,484,13,99
472,476,13,99
472,818,13,99
480,486,13,99
484,72,13,99
485,940,13,99
510,82,13,99
510,909,13,99
510,971,13,99
510,975,13,99
510,981,13,99
510,982,13,99
510,983,13,99
510,984,13,99
510,985,13,99
510,987,13,99
515,662,13,99
515,699,13,99
516,877,13,99
535,537,13,99
539,543,13,99
539,930,13,99
556,89,13,99
559,568,13,99
643,651,13,99
644,651,13,99
650,82,13,99
650,909,13,99
650,971,13,99
650,975,13,99
650,981,13,99
650,982,13,99
650,983,13,99
650,984,13,99
650,985,13,99
650,987,13,99
662,930,13,99
676,878,13,99
697,887,13,99
699,930,13,99
701,727,13,99
713,715,13,99
766,966,13,99
806,887,13,99
823,879,13,99
858,887,13,99
105,485,12,100
128,608,12,100
128,827,12,100
156,92,12,100
157,910,12,100
16,18,12,100
16,84,12,100
167,950,12,100
167,969,12,100
171,485,12,100
176,536,12,100
177,536,12,100
18,520,12,100
18,879,12,100
193,587,12,100
202,887,12,100
204,887,12,100
206,887,12,100
213,390,12,100
213,412,12,100
213,690,12,100
214,568,12,100
232,233,12,100
232,353,12,100
232,818,12,100
234,940,12,100
240,535,12,100
240,741,12,100
249,498,12,100
249,963,12,100
253,920,12,100
267,367,12,100
290,412,12,100
290,690,12,100
303,476,12,100
303,536,12,100
303,676,12,100
303,805,12,100
304,465,12,100
304,471,12,100
328,568,12,100
330,498,12,100
330,568,12,100
36,838,12,100
390,412,12,100
390,690,12,100
412,690,12,100
418,838,12,100
423,816,12,100
428,695,12,100
430,535,12,100
472,536,12,100
476,878,12,100
480,510,12,100
480,650,12,100
508,799,12,100
510,8,12,100
515,568,12,100
520,579,12,100
522,556,12,100
535,741,12,100
536,878,12,100
556,588,12,100
556,823,12,100
568,930,12,100
568,963,12,100
575,879,12,100
579,879,12,100
602,658,12,100
602,695,12,100
602,747,12,100
602,753,12,100
602,759,12,100
602,868,12,100
650,8,12,100
657,758,12,100
658,800,12,100
660,695,12,100
666,756,12,100
680,691,12,100
684,737,12,100
684,882,12,100
684,978,12,100
695,800,12,100
697,709,12,100
698,848,12,100
701,705,12,100
705,709,12,100
709,806,12,100
709,858,12,100
715,783,12,100
727,783,12,100
732,762,12,100
732,962,12,100
737,738,12,100
737,984,12,100
738,882,12,100
738,978,12,100
747,800,12,100
748,848,12,100
753,800,12,100
756,758,12,100
759,800,12,100
762,984,12,100
800,868,12,100
808,887,12,100
811,951,12,100
814,829,12,100
882,984,12,100
978,984,12,100
102,515,11,101
102,930,11,101
104,303,11,101
105,940,11,101
117,153,11,101
117,214,11,101
117,249,11,101
117,364,11,101
117,54,11,101
117,59,11,101
117,662,11,101
117,699,11,101
124,588,11,101
125,327,11,101
135,78,11,101
137,577,11,101
153,214,11,101
153,249,11,101
153,302,11,101
153,367,11,101
153,54,11,101
153,58,11,101
153,59,11,101
153,60,11,101
153,64,11,101
153,662,11,101
153,699,11,101
157,556,11,101
157,691,11,101
16,579,11,101
168,585,11,101
171,940,11,101
176,206,11,101
176,277,11,101
177,206,11,101
19,575,11,101
19,579,11,101
200,92,11,101
206,303,11,101
213,878,11,101
214,302,11,101
214,367,11,101
214,539,11,101
214,57,11,101
214,58,11,101
214,60,11,101
214,64,11,101
221,487,11,101
221,547,11,101
233,417,11,101
249,302,11,101
249,367,11,101
249,539,11,101
249,57,11,101
249,58,11,101
249,585,11,101
249,60,11,101
249,64,11,101
253,951,11,101
27,92,11,101
285,876,11,101
29,30,11,101
290,878,11,101
302,44,11,101
302,45,11,101
302,59,11,101
302,662,11,101
302,699,11,101
303,470,11,101
303,490,11,101
303,515,11,101
303,940,11,101
326,327,11,101
359,502,11,101
364,60,11,101
367,54,11,101
367,59,11,101
367,662,11,101
367,699,11,101
390,878,11,101
42,475,11,101
434,537,11,101
435,537,11,101
442,810,11,101
470,485,11,101
484,940,11,101
498,534,11,101
501,515,11,101
501,930,11,101
502,515,11,101
502,930,11,101
503,515,11,101
503,930,11,101
504,515,11,101
504,930,11,101
508,707,11,101
508,804,11,101
508,891,11,101
513,515,11,101
513,930,11,101
515,599,11,101
517,523,11,101
522,89,11,101
523,575,11,101
524,575,11,101
539,662,11,101
539,699,11,101
539,92,11,101
54,57,11,101
54,58,11,101
54,60,11,101
54,64,11,101
57,59,11,101
57,662,11,101
57,699,11,101
58,59,11,101
58,662,11,101
58,699,11,101
587,680,11,101
588,89,11,101
59,60,11,101
59,64,11,101
595,816,11,101
599,930,11,101
60,662,11,101
60,699,11,101
602,698,11,101
609,801,11,101
64,662,11,101
64,699,11,101
658,698,11,101
660,698,11,101
681,910,11,101
690,878,11,101
698,800,11,101
714,795,11,101
715,727,11,101
722,727,11,101
742,78,11,101
762,975,11,101
762,985,11,101
762,987,11,101
789,814,11,101
823,89,11,101
866,874,11,101
102,214,10,102
102,249,10,102
104,233,10,102
105,671,10,102
15,681,10,102
152,156,10,102
156,508,10,102
156,879,10,102
156,887,10,102
156,910,10,102
16,879,10,102
17,24,10,102
171,490,10,102
171,671,10,102
176,304,10,102
176,940,10,102
177,277,10,102
177,304,10,102
177,940,10,102
19,20,10,102
20,587,10,102
20,680,10,102
200,891,10,102
214,501,10,102
214,502,10,102
214,503,10,102
214,504,10,102
214,513,10,102
214,599,10,102
224,877,10,102
233,285,10,102
233,374,10,102
233,465,10,102
233,471,10,102
233,671,10,102
233,72,10,102
249,501,10,102
249,502,10,102
249,503,10,102
249,504,10,102
249,513,10,102
249,599,10,102
25,650,10,102
25,977,10,102
27,879,10,102
285,515,10,102
29,32,10,102
30,32,10,102
311,811,10,102
338,359,10,102
338,559,10,102
342,442,10,102
353,465,10,102
353,471,10,102
353,676,10,102
353,891,10,102
359,498,10,102
359,662,10,102
36,418,10,102
361,430,10,102
361,435,10,102
361,532,10,102
365,568,10,102
374,515,10,102
39,418,10,102
417,484,10,102
417,671,10,102
44,475,10,102
465,866,10,102
470,691,10,102
471,866,10,102
476,874,10,102
476,875,10,102
476,876,10,102
481,510,10,102
481,650,10,102
484,671,10,102
498,559,10,102
498,570,10,102
498,963,10,102
510,891,10,102
520,879,10,102
522,587,10,102
532,535,10,102
536,866,10,102
536,874,10,102
536,875,10,102
536,876,10,102
550,587,10,102
550,89,10,102
557,558,10,102
595,596,10,102
596,817,10,102
610,92,10,102
650,977,10,102
651,836,10,102
676,874,10,102
676,875,10,102
676,876,10,102
684,733,10,102
691,940,10,102
691,950,10,102
712,714,10,102
712,715,10,102
713,858,10,102
715,858,10,102
729,814,10,102
733,738,10,102
733,762,10,102
733,962,10,102
733,984,10,102
734,962,10,102
737,962,10,102
743,783,10,102
754,758,10,102
755,758,10,102
775,814,10,102
776,814,10,102
792,814,10,102
794,814,10,102
805,874,10,102
805,875,10,102
805,876,10,102
828,891,10,102
866,875,10,102
882,962,10,102
887,891,10,102
961,962,10,102
961,982,10,102
962,978,10,102
102,359,9,103
102,539,9,103
104,234,9,103
105,234,9,103
105,470,9,103
108,152,9,103
108,156,9,103
108,508,9,103
108,887,9,103
108,910,9,103
117,505,9,103
121,912,9,103
121,951,9,103
124,522,9,103
124,823,9,103
124,84,9,103
125,126,9,103
15,950,9,103
156,691,9,103
16,575,9,103
16,680,9,103
171,234,9,103
171,277,9,103
176,353,9,103
177,353,9,103
202,24,9,103
202,25,9,103
202,650,9,103
202,950,9,103
202,977,9,103
206,285,9,103
206,374,9,103
206,874,9,103
206,875,9,103
206,876,9,103
224,671,9,103
229,777,9,103
23,516,9,103
23,587,9,103
233,485,9,103
233,940,9,103
234,285,9,103
234,374,9,103
234,465,9,103
234,471,9,103
234,484,9,103
234,680,9,103
234,72,9,103
24,25,9,103
24,510,9,103
24,650,9,103
24,977,9,103
25,510,9,103
277,676,9,103
290,777,9,103
302,35,9,103
304,866,9,103
311,486,9,103
315,316,9,103
322,777,9,103
327,777,9,103
328,498,9,103
330,777,9,103
353,476,9,103
359,501,9,103
359,504,9,103
364,64,9,103
423,777,9,103
428,777,9,103
429,777,9,103
442,777,9,103
443,777,9,103
445,777,9,103
446,777,9,103
447,777,9,103
470,484,9,103
470,680,9,103
470,910,9,103
470,950,9,103
485,74,9,103
498,539,9,103
501,539,9,103
502,539,9,103
503,539,9,103
504,539,9,103
505,60,9,103
510,977,9,103
513,539,9,103
516,523,9,103
517,671,9,103
522,550,9,103
532,537,9,103
537,577,9,103
539,599,9,103
539,873,9,103
543,777,9,103
550,823,9,103
588,828,9,103
595,777,9,103
595,912,9,103
596,920,9,103
598,599,9,103
598,699,9,103
611,801,9,103
643,645,9,103
643,831,9,103
643,832,9,103
643,833,9,103
643,835,9,103
644,645,9,103
644,831,9,103
644,832,9,103
644,833,9,103
644,835,9,103
651,831,9,103
651,832,9,103
651,833,9,103
675,762,9,103
693,743,9,103
693,770,9,103
697,782,9,103
714,724,9,103
714,727,9,103
714,770,9,103
714,780,9,103
714,781,9,103
714,782,9,103
714,798,9,103
732,760,9,103
732,761,9,103
732,906,9,103
733,760,9,103
733,761,9,103
733,906,9,103
734,760,9,103
734,761,9,103
734,906,9,103
74,866,9,103
751,816,9,103
777,820,9,103
777,827,9,103
782,806,9,103
837,839,9,103
873,977,9,103
883,981,9,103
102,330,8,104
104,876,8,104
108,157,8,104
108,27,8,104
123,149,8,104
123,247,8,104
123,329,8,104
123,344,8,104
123,529,8,104
123,751,8,104
124,879,8,104
140,602,8,104
140,608,8,104
140,660,8,104
140,800,8,104
140,912,8,104
147,602,8,104
147,608,8,104
147,660,8,104
147,800,8,104
147,912,8,104
148,532,8,104
148,602,8,104
148,608,8,104
148,660,8,104
148,800,8,104
148,912,8,104
149,247,8,104
149,329,8,104
149,342,8,104
149,344,8,104
149,529,8,104
168,570,8,104
176,470,8,104
176,490,8,104
177,470,8,104
177,490,8,104
18,950,8,104
19,950,8,104
197,335,8,104
20,681,8,104
202,940,8,104
224,587,8,104
224,879,8,104
234,485,8,104
234,691,8,104
240,435,8,104
240,602,8,104
240,608,8,104
240,660,8,104
240,800,8,104
240,912,8,104
247,342,8,104
247,751,8,104
247,816,8,104
249,330,8,104
277,304,8,104
277,353,8,104
277,364,8,104
277,465,8,104
277,472,8,104
277,476,8,104
277,490,8,104
277,515,8,104
285,303,8,104
285,304,8,104
285,476,8,104
285,536,8,104
285,676,8,104
285,805,8,104
302,951,8,104
303,374,8,104
303,874,8,104
303,875,8,104
303,876,8,104
304,374,8,104
304,412,8,104
304,874,8,104
304,875,8,104
304,876,8,104
305,551,8,104
314,949,8,104
317,358,8,104
329,342,8,104
329,751,8,104
329,816,8,104
330,338,8,104
330,501,8,104
330,502,8,104
330,504,8,104
330,662,8,104
34,418,8,104
342,344,8,104
342,529,8,104
342,751,8,104
344,751,8,104
344,816,8,104
353,412,8,104
353,536,8,104
359,543,8,104
374,476,8,104
374,536,8,104
374,676,8,104
374,805,8,104
374,866,8,104
412,471,8,104
412,472,8,104
412,490,8,104
412,515,8,104
412,676,8,104
423,817,8,104
426,435,8,104
426,535,8,104
426,602,8,104
426,608,8,104
426,660,8,104
426,741,8,104
426,800,8,104
426,912,8,104
430,434,8,104
434,535,8,104
434,602,8,104
434,608,8,104
434,660,8,104
434,741,8,104
434,800,8,104
434,912,8,104
435,535,8,104
442,817,8,104
476,866,8,104
481,486,8,104
502,534,8,104
505,64,8,104
510,551,8,104
517,950,8,104
522,879,8,104
523,680,8,104
529,751,8,104
529,816,8,104
534,559,8,104
535,595,8,104
551,650,8,104
551,971,8,104
556,671,8,104
577,602,8,104
577,608,8,104
577,660,8,104
577,800,8,104
577,912,8,104
587,823,8,104
587,879,8,104
602,77,8,104
602,78,8,104
608,749,8,104
608,77,8,104
608,78,8,104
643,646,8,104
643,936,8,104
644,646,8,104
644,936,8,104
660,77,8,104
660,78,8,104
671,823,8,104
671,879,8,104
676,866,8,104
681,940,8,104
697,715,8,104
714,719,8,104
714,721,8,104
714,763,8,104
714,783,8,104
714,784,8,104
714,786,8,104
715,781,8,104
715,806,8,104
719,858,8,104
74,818,8,104
77,800,8,104
77,912,8,104
772,949,8,104
78,800,8,104
78,912,8,104
782,858,8,104
786,858,8,104
805,866,8,104
828,887,8,104
831,836,8,104
832,836,8,104
833,836,8,104
879,950,8,104
102,338,7,105
111,314,7,105
117,418,7,105
117,44,7,105
117,45,7,105
121,126,7,105
121,135,7,105
121,136,7,105
121,137,7,105
121,197,7,105
121,222,7,105
121,229,7,105
121,258,7,105
121,322,7,105
121,326,7,105
121,327,7,105
121,361,7,105
121,423,7,105
121,428,7,105
121,429,7,105
121,442,7,105
121,443,7,105
121,445,7,105
121,446,7,105
121,447,7,105
121,487,7,105
121,595,7,105
121,741,7,105
121,742,7,105
121,820,7,105
121,827,7,105
121,847,7,105
121,853,7,105
125,920,7,105
126,200,7,105
126,290,7,105
126,330,7,105
126,543,7,105
126,777,7,105
128,295,7,105
135,200,7,105
135,290,7,105
135,330,7,105
135,543,7,105
135,77,7,105
135,777,7,105
136,200,7,105
136,290,7,105
136,330,7,105
136,543,7,105
136,777,7,105
137,200,7,105
137,290,7,105
137,330,7,105
137,543,7,105
137,777,7,105
15,20,7,105
152,550,7,105
152,587,7,105
153,418,7,105
153,44,7,105
153,45,7,105
154,418,7,105
154,475,7,105
156,539,7,105
168,365,7,105
171,304,7,105
171,353,7,105
171,412,7,105
171,472,7,105
171,515,7,105
176,472,7,105
176,515,7,105
176,878,7,105
177,472,7,105
177,515,7,105
177,878,7,105
18,27,7,105
18,681,7,105
19,27,7,105
19,681,7,105
193,517,7,105
193,550,7,105
197,200,7,105
197,290,7,105
197,330,7,105
197,543,7,105
197,777,7,105
20,27,7,105
20,588,7,105
20,811,7,105
20,950,7,105
200,222,7,105
200,258,7,105
200,326,7,105
200,361,7,105
200,487,7,105
200,510,7,105
200,741,7,105
200,742,7,105
200,847,7,105
200,853,7,105
202,5,7,105
202,6,7,105
202,691,7,105
202,7,7,105
204,510,7,105
204,910,7,105
206,510,7,105
206,910,7,105
214,418,7,105
214,44,7,105
214,45,7,105
222,290,7,105
222,330,7,105
222,543,7,105
222,777,7,105
224,550,7,105
229,821,7,105
233,234,7,105
233,470,7,105
24,480,7,105
24,5,7,105
24,6,7,105
24,7,7,105
240,537,7,105
249,365,7,105
249,418,7,105
249,44,7,105
249,45,7,105
25,5,7,105
25,6,7,105
25,7,7,105
258,290,7,105
258,330,7,105
258,543,7,105
258,777,7,105
27,539,7,105
277,412,7,105
277,470,7,105
277,471,7,105
277,505,7,105
277,878,7,105
284,838,7,105
290,326,7,105
290,361,7,105
290,487,7,105
290,741,7,105
290,742,7,105
290,847,7,105
290,853,7,105
302,36,7,105
302,418,7,105
302,466,7,105
302,838,7,105
303,36,7,105
304,36,7,105
305,950,7,105
314,317,7,105
314,67,7,105
314,966,7,105
314,988,7,105
322,821,7,105
326,330,7,105
326,543,7,105
326,777,7,105
327,821,7,105
330,361,7,105
330,487,7,105
330,741,7,105
330,742,7,105
330,847,7,105
330,853,7,105
338,501,7,105
338,502,7,105
338,503,7,105
338,504,7,105
338,513,7,105
338,543,7,105
338,599,7,105
338,662,7,105
338,699,7,105
34,41,7,105
34,46,7,105
35,36,7,105
35,466,7,105
35,838,7,105
35,951,7,105
361,543,7,105
361,777,7,105
364,367,7,105
367,418,7,105
367,44,7,105
367,45,7,105
367,560,7,105
367,67,7,105
368,67,7,105
39,41,7,105
39,42,7,105
39,46,7,105
41,49,7,105
412,465,7,105
412,470,7,105
412,476,7,105
418,44,7,105
418,45,7,105
418,475,7,105
418,54,7,105
418,57,7,105
418,58,7,105
418,59,7,105
418,60,7,105
418,64,7,105
418,662,7,105
418,699,7,105
42,49,7,105
423,821,7,105
426,537,7,105
428,821,7,105
428,853,7,105
429,821,7,105
430,537,7,105
44,54,7,105
44,57,7,105
44,58,7,105
44,59,7,105
44,60,7,105
44,64,7,105
44,662,7,105
44,699,7,105
442,821,7,105
443,821,7,105
445,821,7,105
446,821,7,105
447,821,7,105
45,54,7,105
45,57,7,105
45,58,7,105
45,59,7,105
45,60,7,105
45,64,7,105
45,662,7,105
45,699,7,105
46,475,7,105
46,49,7,105
465,805,7,105
470,681,7,105
470,874,7,105
470,875,7,105
470,876,7,105
471,805,7,105
481,7,7,105
487,543,7,105
487,777,7,105
490,72,7,105
490,874,7,105
490,875,7,105
490,876,7,105
5,811,7,105
5,977,7,105
504,598,7,105
508,550,7,105
508,587,7,105
510,697,7,105
510,806,7,105
510,858,7,105
515,874,7,105
515,875,7,105
515,876,7,105
534,598,7,105
534,599,7,105
537,741,7,105
543,741,7,105
543,742,7,105
543,847,7,105
543,853,7,105
550,887,7,105
587,84,7,105
587,887,7,105
595,821,7,105
6,811,7,105
6,977,7,105
610,828,7,105
610,879,7,105
643,842,7,105
644,842,7,105
645,831,7,105
645,832,7,105
645,833,7,105
645,836,7,105
646,831,7,105
646,832,7,105
646,833,7,105
646,836,7,105
657,753,7,105
657,754,7,105
657,755,7,105
664,744,7,105
671,873,7,105
675,9,7,105
675,962,7,105
678,679,7,105
678,790,7,105
680,681,7,105
680,910,7,105
680,940,7,105
680,950,7,105
681,691,7,105
684,981,7,105
684,982,7,105
697,910,7,105
7,811,7,105
7,977,7,105
714,785,7,105
714,858,7,105
715,724,7,105
715,770,7,105
715,780,7,105
715,782,7,105
715,798,7,105
741,777,7,105
742,77,7,105
742,777,7,105
747,758,7,105
753,754,7,105
753,755,7,105
753,756,7,105
754,756,7,105
755,756,7,105
758,759,7,105
758,868,7,105
777,847,7,105
777,853,7,105
777,920,7,105
795,796,7,105
795,803,7,105
806,910,7,105
820,821,7,105
820,853,7,105
821,827,7,105
827,853,7,105
831,835,7,105
831,842,7,105
832,835,7,105
832,842,7,105
833,835,7,105
833,842,7,105
835,836,7,105
836,842,7,105
858,910,7,105
866,940,7,105
874,940,7,105
875,940,7,105
876,940,7,105
910,920,7,105
920,930,7,105
920,940,7,105
920,950,7,105
930,940,7,105
950,971,7,105
102,168,6,106
104,176,6,106
104,177,6,106
108,490,6,106
108,691,6,106
111,949,6,106
121,196,6,106
121,202,6,106
121,213,6,106
121,910,6,106
121,930,6,106
121,940,6,106
121,950,6,106
124,193,6,106
124,20,6,106
124,23,6,106
124,680,6,106
128,595,6,106
128,596,6,106
128,698,6,106
128,748,6,106
128,817,6,106
128,820,6,106
128,920,6,106
149,853,6,106
15,152,6,106
15,508,6,106
15,550,6,106
15,587,6,106
15,588,6,106
15,887,6,106
152,202,6,106
152,204,6,106
152,206,6,106
152,588,6,106
152,697,6,106
152,806,6,106
152,808,6,106
152,858,6,106
156,200,6,106
157,200,6,106
157,539,6,106
168,501,6,106
168,502,6,106
168,503,6,106
168,504,6,106
168,513,6,106
168,599,6,106
171,878,6,106
18,588,6,106
18,811,6,106
18,910,6,106
19,588,6,106
19,811,6,106
19,910,6,106
196,200,6,106
196,290,6,106
196,330,6,106
196,537,6,106
196,543,6,106
196,920,6,106
20,523,6,106
20,524,6,106
20,910,6,106
200,213,6,106
200,229,6,106
200,27,6,106
200,322,6,106
200,327,6,106
200,353,6,106
200,423,6,106
200,428,6,106
200,429,6,106
200,442,6,106
200,443,6,106
200,445,6,106
200,446,6,106
200,447,6,106
200,515,6,106
200,595,6,106
200,820,6,106
200,827,6,106
202,253,6,106
202,353,6,106
202,480,6,106
202,891,6,106
202,920,6,106
204,353,6,106
204,691,6,106
204,891,6,106
206,691,6,106
206,891,6,106
213,330,6,106
213,543,6,106
214,53,6,106
224,524,6,106
229,247,6,106
229,344,6,106
229,535,6,106
229,547,6,106
229,602,6,106
229,608,6,106
229,660,6,106
229,800,6,106
229,853,6,106
229,912,6,106
229,920,6,106
23,550,6,106
23,691,6,106
23,977,6,106
234,36,6,106
24,517,6,106
24,522,6,106
24,877,6,106
247,428,6,106
247,429,6,106
247,443,6,106
247,446,6,106
247,535,6,106
247,602,6,106
247,608,6,106
247,660,6,106
247,800,6,106
247,820,6,106
247,827,6,106
247,853,6,106
247,912,6,106
247,920,6,106
249,328,6,106
249,53,6,106
25,480,6,106
25,671,6,106
25,873,6,106
253,302,6,106
253,910,6,106
253,930,6,106
253,940,6,106
253,950,6,106
259,267,6,106
259,268,6,106
259,358,6,106
259,368,6,106
259,468,6,106
259,505,6,106
267,268,6,106
267,368,6,106
267,468,6,106
267,59,6,106
268,505,6,106
268,59,6,106
295,428,6,106
295,595,6,106
295,596,6,106
295,602,6,106
295,660,6,106
295,800,6,106
295,817,6,106
295,920,6,106
302,49,6,106
303,418,6,106
303,466,6,106
304,418,6,106
304,466,6,106
305,481,6,106
305,811,6,106
313,338,6,106
314,338,6,106
314,568,6,106
314,570,6,106
317,949,6,106
321,481,6,106
321,811,6,106
327,547,6,106
328,338,6,106
329,428,6,106
329,443,6,106
329,446,6,106
329,535,6,106
329,602,6,106
329,608,6,106
329,660,6,106
329,800,6,106
329,820,6,106
329,827,6,106
329,853,6,106
329,912,6,106
329,920,6,106
330,359,6,106
330,503,6,106
330,513,6,106
330,599,6,106
330,699,6,106
338,568,6,106
34,475,6,106
344,428,6,106
344,429,6,106
344,443,6,106
344,446,6,106
344,447,6,106
344,535,6,106
344,602,6,106
344,608,6,106
344,660,6,106
344,800,6,106
344,820,6,106
344,827,6,106
344,853,6,106
344,912,6,106
344,920,6,106
35,811,6,106
353,508,6,106
353,697,6,106
353,806,6,106
353,808,6,106
353,858,6,106
353,887,6,106
358,505,6,106
358,59,6,106
364,505,6,106
364,555,6,106
368,505,6,106
368,59,6,106
41,44,6,106
41,45,6,106
41,466,6,106
41,838,6,106
42,44,6,106
42,45,6,106
42,466,6,106
42,838,6,106
423,547,6,106
428,529,6,106
428,547,6,106
428,596,6,106
429,535,6,106
429,547,6,106
429,602,6,106
429,608,6,106
429,660,6,106
429,800,6,106
429,853,6,106
429,912,6,106
429,920,6,106
44,46,6,106
441,475,6,106
442,547,6,106
443,529,6,106
443,535,6,106
443,547,6,106
443,602,6,106
443,608,6,106
443,660,6,106
443,800,6,106
443,853,6,106
443,912,6,106
443,920,6,106
445,547,6,106
446,529,6,106
446,547,6,106
446,853,6,106
447,547,6,106
45,46,6,106
46,466,6,106
46,838,6,106
468,505,6,106
468,59,6,106
472,74,6,106
472,805,6,106
477,537,6,106
480,5,6,106
480,6,6,106
480,7,6,106
480,977,6,106
481,5,6,106
481,6,6,106
481,8,6,106
481,82,6,106
481,909,6,106
481,971,6,106
481,975,6,106
481,981,6,106
481,982,6,106
481,983,6,106
481,984,6,106
481,985,6,106
481,987,6,106
486,811,6,106
490,92,6,106
498,568,6,106
501,598,6,106
502,532,6,106
502,533,6,106
502,535,6,106
502,536,6,106
502,537,6,106
505,560,6,106
505,59,6,106
508,510,6,106
508,588,6,106
508,729,6,106
508,775,6,106
508,776,6,106
508,792,6,106
508,794,6,106
508,828,6,106
508,829,6,106
510,808,6,106
510,811,6,106
510,887,6,106
516,977,6,106
517,551,6,106
523,977,6,106
524,680,6,106
529,535,6,106
529,602,6,106
529,608,6,106
529,660,6,106
529,800,6,106
529,820,6,106
529,827,6,106
529,853,6,106
529,912,6,106
529,920,6,106
53,54,6,106
53,58,6,106
53,59,6,106
53,662,6,106
53,699,6,106
532,533,6,106
532,534,6,106
532,536,6,106
532,598,6,106
532,599,6,106
532,699,6,106
533,534,6,106
533,535,6,106
533,536,6,106
533,537,6,106
533,598,6,106
533,599,6,106
533,699,6,106
534,535,6,106
534,536,6,106
534,537,6,106
534,699,6,106
535,536,6,106
535,598,6,106
535,599,6,106
535,699,6,106
536,537,6,106
536,598,6,106
536,599,6,106
536,699,6,106
537,598,6,106
537,599,6,106
537,699,6,106
547,595,6,106
547,820,6,106
547,827,6,106
551,681,6,106
551,879,6,106
555,560,6,106
555,564,6,106
568,584,6,106
588,887,6,106
595,695,6,106
596,602,6,106
596,608,6,106
596,660,6,106
596,695,6,106
596,800,6,106
596,820,6,106
596,827,6,106
602,657,6,106
602,754,6,106
602,755,6,106
602,756,6,106
602,758,6,106
602,826,6,106
602,848,6,106
608,826,6,106
609,795,6,106
611,795,6,106
616,795,6,106
618,795,6,106
621,795,6,106
648,657,6,106
648,754,6,106
648,755,6,106
648,756,6,106
648,758,6,106
650,811,6,106
656,831,6,106
656,832,6,106
656,833,6,106
657,658,6,106
657,660,6,106
657,747,6,106
657,748,6,106
657,749,6,106
657,759,6,106
657,800,6,106
657,868,6,106
658,660,6,106
658,754,6,106
658,755,6,106
658,756,6,106
658,758,6,106
660,747,6,106
660,753,6,106
660,756,6,106
660,759,6,106
660,826,6,106
660,848,6,106
660,868,6,106
684,760,6,106
684,761,6,106
684,906,6,106
691,697,6,106
691,806,6,106
691,808,6,106
691,858,6,106
695,817,6,106
695,920,6,106
697,713,6,106
697,791,6,106
697,891,6,106
698,749,6,106
713,806,6,106
715,719,6,106
715,721,6,106
715,763,6,106
715,784,6,106
715,785,6,106
715,786,6,106
721,858,6,106
724,858,6,106
732,983,6,106
737,883,6,106
74,878,6,106
747,754,6,106
747,755,6,106
747,756,6,106
748,754,6,106
748,755,6,106
748,756,6,106
748,758,6,106
749,754,6,106
749,755,6,106
749,756,6,106
749,758,6,106
753,758,6,106
754,759,6,106
754,800,6,106
754,868,6,106
755,759,6,106
755,800,6,106
755,868,6,106
756,757,6,106
756,759,6,106
756,800,6,106
756,868,6,106
758,800,6,106
760,883,6,106
760,962,6,106
760,984,6,106
761,883,6,106
761,962,6,106
761,984,6,106
763,858,6,106
783,858,6,106
784,858,6,106
785,858,6,106
791,806,6,106
8,811,6,106
800,826,6,106
800,848,6,106
805,878,6,106
806,891,6,106
808,891,6,106
808,910,6,106
811,82,6,106
811,909,6,106
811,971,6,106
811,975,6,106
811,981,6,106
811,982,6,106
811,983,6,106
811,984,6,106
811,985,6,106
811,987,6,106
816,853,6,106
817,853,6,106
858,891,6,106
877,977,6,106
883,906,6,106
883,962,6,106
883,978,6,106
906,962,6,106
906,984,6,106
910,930,6,106
930,950,6,106
10,25,5,107
10,650,5,107
10,977,5,107
104,472,5,107
104,878,5,107
114,966,5,107
117,564,5,107
119,59,5,107
121,602,5,107
121,608,5,107
121,660,5,107
121,800,5,107
124,156,5,107
124,556,5,107
124,89,5,107
125,222,5,107
125,247,5,107
125,535,5,107
125,853,5,107
126,535,5,107
126,602,5,107
126,608,5,107
126,660,5,107
126,800,5,107
126,912,5,107
136,535,5,107
137,77,5,107
149,817,5,107
15,18,5,107
15,19,5,107
15,811,5,107
152,18,5,107
152,19,5,107
152,20,5,107
152,516,5,107
153,53,5,107
154,57,5,107
156,522,5,107
156,588,5,107
156,823,5,107
156,84,5,107
156,89,5,107
157,193,5,107
157,224,5,107
157,550,5,107
157,587,5,107
157,588,5,107
16,517,5,107
17,671,5,107
17,690,5,107
17,873,5,107
176,866,5,107
176,869,5,107
177,866,5,107
177,869,5,107
18,21,5,107
18,508,5,107
18,550,5,107
18,587,5,107
18,887,5,107
19,21,5,107
19,508,5,107
19,550,5,107
19,587,5,107
19,887,5,107
193,556,5,107
197,78,5,107
20,508,5,107
20,517,5,107
20,550,5,107
20,579,5,107
20,887,5,107
200,36,5,107
200,516,5,107
200,602,5,107
200,608,5,107
200,660,5,107
200,800,5,107
200,828,5,107
200,912,5,107
206,866,5,107
21,950,5,107
213,920,5,107
222,535,5,107
222,602,5,107
222,608,5,107
222,660,5,107
222,800,5,107
222,912,5,107
224,556,5,107
23,234,5,107
23,27,5,107
23,556,5,107
23,873,5,107
232,491,5,107
234,910,5,107
234,950,5,107
24,486,5,107
247,322,5,107
247,326,5,107
27,811,5,107
290,912,5,107
302,505,5,107
302,811,5,107
311,551,5,107
313,314,5,107
314,602,5,107
314,608,5,107
314,660,5,107
322,547,5,107
326,535,5,107
326,602,5,107
326,608,5,107
326,660,5,107
326,800,5,107
326,912,5,107
328,359,5,107
328,539,5,107
330,602,5,107
330,608,5,107
330,660,5,107
330,800,5,107
330,912,5,107
34,36,5,107
34,44,5,107
34,45,5,107
34,49,5,107
359,539,5,107
36,39,5,107
36,515,5,107
36,539,5,107
365,515,5,107
367,564,5,107
39,44,5,107
39,45,5,107
39,49,5,107
428,817,5,107
44,49,5,107
441,838,5,107
45,49,5,107
465,536,5,107
465,818,5,107
466,49,5,107
470,866,5,107
471,818,5,107
481,551,5,107
485,490,5,107
486,517,5,107
486,681,5,107
486,879,5,107
49,838,5,107
490,866,5,107
501,557,5,107
502,559,5,107
504,557,5,107
505,564,5,107
508,610,5,107
508,789,5,107
508,823,5,107
508,877,5,107
508,879,5,107
510,950,5,107
515,555,5,107
516,691,5,107
516,887,5,107
516,910,5,107
517,680,5,107
522,84,5,107
523,873,5,107
539,555,5,107
543,555,5,107
543,602,5,107
543,608,5,107
543,660,5,107
543,800,5,107
543,912,5,107
550,680,5,107
550,910,5,107
555,59,5,107
555,930,5,107
556,680,5,107
556,84,5,107
559,662,5,107
560,64,5,107
564,60,5,107
587,910,5,107
588,681,5,107
588,84,5,107
588,950,5,107
602,817,5,107
602,949,5,107
608,817,5,107
608,949,5,107
610,823,5,107
610,877,5,107
610,891,5,107
640,987,5,107
642,987,5,107
650,950,5,107
656,936,5,107
660,752,5,107
660,817,5,107
660,949,5,107
661,834,5,107
661,849,5,107
661,935,5,107
665,745,5,107
671,690,5,107
678,727,5,107
678,787,5,107
678,788,5,107
678,791,5,107
678,793,5,107
678,858,5,107
679,727,5,107
679,787,5,107
679,788,5,107
679,791,5,107
679,793,5,107
679,858,5,107
684,883,5,107
690,873,5,107
693,694,5,107
694,743,5,107
694,770,5,107
701,729,5,107
701,792,5,107
727,790,5,107
787,790,5,107
788,790,5,107
790,791,5,107
790,793,5,107
790,858,5,107
800,817,5,107
817,820,5,107
817,827,5,107
823,828,5,107
823,84,5,107
823,891,5,107
828,877,5,107
838,871,5,107
84,89,5,107
869,875,5,107
877,879,5,107
877,891,5,107
879,891,5,107
920,951,5,107
987,990,5,107
10,202,4,108
10,24,4,108
10,253,4,108
10,302,4,108
10,480,4,108
10,5,4,108
10,510,4,108
10,6,4,108
10,7,4,108
10,951,4,108
102,963,4,108
104,23,4,108
105,23,4,108
105,74,4,108
111,114,4,108
114,317,4,108
114,67,4,108
114,988,4,108
117,154,4,108
117,277,4,108
121,302,4,108
121,811,4,108
123,423,4,108
123,595,4,108
124,224,4,108
147,258,4,108
147,430,4,108
147,435,4,108
147,535,4,108
147,741,4,108
148,430,4,108
148,435,4,108
148,535,4,108
148,741,4,108
148,847,4,108
149,595,4,108
149,777,4,108
15,157,4,108
15,21,4,108
15,910,4,108
152,490,4,108
152,610,4,108
152,681,4,108
152,823,4,108
152,877,4,108
152,879,4,108
152,950,4,108
154,214,4,108
154,249,4,108
154,302,4,108
154,367,4,108
154,54,4,108
154,58,4,108
154,59,4,108
154,60,4,108
154,64,4,108
154,662,4,108
154,699,4,108
157,23,4,108
157,610,4,108
168,559,4,108
17,202,4,108
17,25,4,108
17,510,4,108
17,650,4,108
17,977,4,108
171,23,4,108
171,74,4,108
171,805,4,108
18,490,4,108
18,517,4,108
18,680,4,108
19,490,4,108
193,691,4,108
193,879,4,108
193,89,4,108
20,21,4,108
200,234,4,108
200,610,4,108
200,823,4,108
200,877,4,108
200,879,4,108
202,486,4,108
202,671,4,108
202,690,4,108
202,873,4,108
206,465,4,108
21,588,4,108
21,681,4,108
213,304,4,108
213,353,4,108
213,471,4,108
213,472,4,108
213,490,4,108
213,515,4,108
213,602,4,108
213,608,4,108
213,660,4,108
213,676,4,108
213,800,4,108
213,912,4,108
214,314,4,108
214,315,4,108
214,316,4,108
214,365,4,108
214,584,4,108
224,523,4,108
224,691,4,108
224,89,4,108
23,285,4,108
23,374,4,108
23,465,4,108
23,471,4,108
23,484,4,108
23,485,4,108
23,72,4,108
23,879,4,108
23,89,4,108
23,940,4,108
233,33,4,108
233,491,4,108
233,74,4,108
234,27,4,108
234,515,4,108
234,539,4,108
234,681,4,108
24,671,4,108
24,690,4,108
24,873,4,108
240,258,4,108
240,532,4,108
240,847,4,108
247,445,4,108
247,595,4,108
25,486,4,108
25,690,4,108
253,811,4,108
258,426,4,108
258,434,4,108
258,535,4,108
267,364,4,108
27,550,4,108
27,587,4,108
27,588,4,108
27,680,4,108
27,681,4,108
27,828,4,108
27,950,4,108
277,367,4,108
277,560,4,108
277,60,4,108
29,33,4,108
290,304,4,108
290,353,4,108
290,471,4,108
290,472,4,108
290,490,4,108
290,515,4,108
290,676,4,108
30,33,4,108
302,41,4,108
302,42,4,108
302,46,4,108
302,555,4,108
304,390,4,108
304,690,4,108
313,315,4,108
313,316,4,108
314,328,4,108
314,330,4,108
314,515,4,108
314,559,4,108
314,963,4,108
315,498,4,108
316,498,4,108
32,33,4,108
327,535,4,108
327,602,4,108
327,608,4,108
327,660,4,108
327,800,4,108
327,853,4,108
327,912,4,108
327,920,4,108
328,365,4,108
328,584,4,108
329,445,4,108
329,595,4,108
330,365,4,108
330,584,4,108
338,570,4,108
338,963,4,108
34,35,4,108
342,423,4,108
342,595,4,108
344,430,4,108
344,595,4,108
35,39,4,108
35,49,4,108
353,390,4,108
353,690,4,108
36,41,4,108
36,42,4,108
36,44,4,108
36,45,4,108
36,46,4,108
364,54,4,108
365,963,4,108
390,471,4,108
390,472,4,108
390,490,4,108
390,515,4,108
390,676,4,108
417,74,4,108
417,805,4,108
418,49,4,108
426,532,4,108
426,847,4,108
430,445,4,108
434,532,4,108
434,847,4,108
44,466,4,108
44,838,4,108
441,476,4,108
441,536,4,108
441,676,4,108
441,805,4,108
441,874,4,108
441,875,4,108
441,876,4,108
445,529,4,108
445,535,4,108
445,602,4,108
445,608,4,108
445,660,4,108
445,800,4,108
445,853,4,108
445,912,4,108
445,920,4,108
45,466,4,108
45,475,4,108
45,838,4,108
471,536,4,108
471,690,4,108
472,690,4,108
472,838,4,108
472,940,4,108
475,876,4,108
476,871,4,108
480,811,4,108
481,483,4,108
481,950,4,108
485,508,4,108
485,691,4,108
485,910,4,108
486,5,4,108
486,510,4,108
486,551,4,108
486,6,4,108
486,650,4,108
486,7,4,108
486,977,4,108
490,508,4,108
490,690,4,108
490,887,4,108
490,910,4,108
491,818,4,108
501,963,4,108
502,963,4,108
503,963,4,108
504,963,4,108
508,516,4,108
508,681,4,108
508,950,4,108
510,671,4,108
510,690,4,108
510,873,4,108
513,963,4,108
515,584,4,108
515,690,4,108
515,72,4,108
515,866,4,108
516,610,4,108
516,823,4,108
516,828,4,108
516,879,4,108
516,891,4,108
517,579,4,108
517,811,4,108
529,595,4,108
535,847,4,108
536,871,4,108
539,610,4,108
539,823,4,108
539,828,4,108
539,877,4,108
539,879,4,108
539,891,4,108
54,560,4,108
54,564,4,108
543,963,4,108
550,671,4,108
550,681,4,108
550,879,4,108
550,950,4,108
551,945,4,108
551,946,4,108
556,828,4,108
570,584,4,108
584,930,4,108
584,963,4,108
587,671,4,108
587,681,4,108
587,950,4,108
588,879,4,108
588,910,4,108
595,751,4,108
599,963,4,108
610,691,4,108
610,887,4,108
610,910,4,108
641,987,4,108
643,652,4,108
643,656,4,108
644,652,4,108
644,656,4,108
650,671,4,108
650,690,4,108
650,873,4,108
652,836,4,108
656,836,4,108
662,963,4,108
665,750,4,108
671,680,4,108
671,977,4,108
676,690,4,108
676,871,4,108
678,865,4,108
679,865,4,108
680,879,4,108
680,89,4,108
681,887,4,108
690,977,4,108
691,823,4,108
691,877,4,108
691,879,4,108
697,714,4,108
699,963,4,108
7,945,4,108
701,707,4,108
705,887,4,108
714,806,4,108
727,865,4,108
778,829,4,108
778,989,4,108
787,865,4,108
788,865,4,108
790,865,4,108
791,865,4,108
793,865,4,108
805,871,4,108
811,879,4,108
811,910,4,108
811,940,4,108
823,887,4,108
823,910,4,108
828,92,4,108
829,986,4,108
829,987,4,108
858,865,4,108
866,876,4,108
869,940,4,108
871,874,4,108
871,875,4,108
871,876,4,108
877,887,4,108
877,910,4,108
878,940,4,108
879,887,4,108
879,910,4,108
879,92,4,108
887,889,4,108
887,950,4,108
912,951,4,108
10,486,3,109
10,945,3,109
104,33,3,109
104,353,3,109
105,33,3,109
105,490,3,109
108,200,3,109
108,539,3,109
119,259,3,109
121,35,3,109
121,963,3,109
123,346,3,109
123,446,3,109
128,853,3,109
147,537,3,109
148,537,3,109
15,27,3,109
152,21,3,109
152,233,3,109
152,485,3,109
153,505,3,109
156,490,3,109
157,18,3,109
157,19,3,109
157,20,3,109
157,233,3,109
157,29,3,109
157,30,3,109
157,32,3,109
157,33,3,109
16,490,3,109
168,498,3,109
168,543,3,109
168,930,3,109
171,213,3,109
171,290,3,109
171,33,3,109
171,390,3,109
171,690,3,109
18,23,3,109
19,23,3,109
193,233,3,109
193,27,3,109
193,29,3,109
193,30,3,109
193,32,3,109
193,33,3,109
20,23,3,109
20,575,3,109
202,311,3,109
202,930,3,109
202,945,3,109
206,277,3,109
206,441,3,109
206,471,3,109
206,72,3,109
206,869,3,109
206,871,3,109
21,508,3,109
21,550,3,109
21,587,3,109
21,887,3,109
21,910,3,109
212,213,3,109
212,290,3,109
213,277,3,109
213,465,3,109
213,470,3,109
213,476,3,109
214,338,3,109
214,555,3,109
214,565,3,109
214,566,3,109
214,585,3,109
221,222,3,109
224,233,3,109
224,27,3,109
224,29,3,109
224,30,3,109
224,32,3,109
224,33,3,109
23,470,3,109
233,29,3,109
233,30,3,109
233,32,3,109
233,490,3,109
233,508,3,109
233,887,3,109
234,490,3,109
24,28,3,109
24,311,3,109
24,945,3,109
249,555,3,109
25,311,3,109
25,945,3,109
253,35,3,109
258,537,3,109
259,54,3,109
259,555,3,109
268,67,3,109
27,470,3,109
277,290,3,109
277,302,3,109
277,390,3,109
277,536,3,109
277,54,3,109
277,555,3,109
277,690,3,109
284,869,3,109
285,33,3,109
285,869,3,109
290,465,3,109
290,470,3,109
290,476,3,109
302,34,3,109
302,39,3,109
302,930,3,109
311,977,3,109
313,568,3,109
313,570,3,109
314,365,3,109
314,584,3,109
314,930,3,109
328,565,3,109
328,566,3,109
328,585,3,109
33,374,3,109
33,465,3,109
33,471,3,109
33,484,3,109
33,485,3,109
33,72,3,109
330,565,3,109
330,566,3,109
330,585,3,109
335,602,3,109
335,608,3,109
335,660,3,109
335,800,3,109
335,912,3,109
338,515,3,109
338,539,3,109
342,346,3,109
342,446,3,109
346,443,3,109
35,41,3,109
35,42,3,109
35,44,3,109
35,45,3,109
35,46,3,109
35,930,3,109
353,866,3,109
353,869,3,109
359,598,3,109
36,49,3,109
36,74,3,109
36,811,3,109
36,866,3,109
36,930,3,109
36,951,3,109
365,559,3,109
365,570,3,109
365,930,3,109
390,465,3,109
390,470,3,109
390,476,3,109
418,74,3,109
418,866,3,109
441,74,3,109
441,866,3,109
465,690,3,109
466,811,3,109
466,930,3,109
466,951,3,109
470,690,3,109
472,874,3,109
472,875,3,109
472,876,3,109
476,690,3,109
476,74,3,109
476,838,3,109
477,602,3,109
477,608,3,109
477,660,3,109
477,800,3,109
477,912,3,109
480,945,3,109
481,969,3,109
484,490,3,109
485,515,3,109
485,866,3,109
485,887,3,109
486,945,3,109
490,523,3,109
490,524,3,109
490,575,3,109
490,579,3,109
491,889,3,109
5,945,3,109
505,54,3,109
505,555,3,109
510,945,3,109
515,54,3,109
515,565,3,109
515,566,3,109
515,585,3,109
523,587,3,109
534,543,3,109
536,74,3,109
536,818,3,109
536,838,3,109
537,847,3,109
539,54,3,109
54,543,3,109
54,930,3,109
547,777,3,109
555,662,3,109
555,699,3,109
559,584,3,109
565,570,3,109
565,930,3,109
565,963,3,109
566,570,3,109
566,930,3,109
566,963,3,109
570,585,3,109
579,680,3,109
585,930,3,109
585,963,3,109
6,945,3,109
643,653,3,109
644,653,3,109
650,945,3,109
652,831,3,109
652,832,3,109
652,833,3,109
653,836,3,109
664,745,3,109
671,74,3,109
675,8,3,109
676,74,3,109
676,838,3,109
684,82,3,109
684,909,3,109
684,975,3,109
684,983,3,109
684,985,3,109
684,987,3,109
691,930,3,109
692,701,3,109
692,707,3,109
7,946,3,109
728,887,3,109
738,760,3,109
738,761,3,109
738,906,3,109
74,805,3,109
74,838,3,109
74,871,3,109
74,874,3,109
74,875,3,109
74,876,3,109
805,838,3,109
811,838,3,109
82,883,3,109
838,866,3,109
838,874,3,109
838,875,3,109
838,876,3,109
838,930,3,109
838,951,3,109
866,871,3,109
883,975,3,109
883,983,3,109
883,984,3,109
883,985,3,109
883,987,3,109
912,930,3,109
912,963,3,109
945,977,3,109
951,963,3,109
10,121,2,110
10,17,2,110
10,35,2,110
10,671,2,110
10,690,2,110
10,811,2,110
10,873,2,110
10,946,2,110
102,534,2,110
102,555,2,110
104,157,2,110
104,18,2,110
104,19,2,110
104,193,2,110
104,20,2,110
104,224,2,110
104,27,2,110
104,29,2,110
104,30,2,110
104,32,2,110
104,680,2,110
104,691,2,110
104,811,2,110
104,910,2,110
104,950,2,110
105,157,2,110
105,18,2,110
105,19,2,110
105,193,2,110
105,20,2,110
105,224,2,110
105,27,2,110
105,29,2,110
105,30,2,110
105,32,2,110
105,680,2,110
105,691,2,110
105,811,2,110
105,910,2,110
105,950,2,110
108,124,2,110
108,18,2,110
108,19,2,110
108,522,2,110
108,550,2,110
108,556,2,110
108,587,2,110
108,588,2,110
108,823,2,110
108,84,2,110
108,89,2,110
108,950,2,110
117,49,2,110
119,153,2,110
119,204,2,110
119,214,2,110
119,249,2,110
119,390,2,110
119,515,2,110
119,539,2,110
119,543,2,110
119,662,2,110
119,699,2,110
119,930,2,110
121,125,2,110
121,140,2,110
121,147,2,110
121,148,2,110
121,212,2,110
121,240,2,110
121,335,2,110
121,36,2,110
121,426,2,110
121,434,2,110
121,466,2,110
121,477,2,110
121,577,2,110
121,77,2,110
121,78,2,110
121,838,2,110
123,810,2,110
124,517,2,110
124,550,2,110
124,92,2,110
125,200,2,110
125,213,2,110
125,290,2,110
125,330,2,110
125,543,2,110
125,557,2,110
126,327,2,110
128,346,2,110
128,810,2,110
128,816,2,110
128,912,2,110
135,196,2,110
135,477,2,110
140,200,2,110
140,213,2,110
140,290,2,110
140,330,2,110
140,543,2,110
140,557,2,110
140,920,2,110
147,200,2,110
147,213,2,110
147,290,2,110
147,330,2,110
147,543,2,110
147,557,2,110
147,920,2,110
148,200,2,110
148,213,2,110
148,290,2,110
148,330,2,110
148,543,2,110
148,557,2,110
148,920,2,110
149,423,2,110
149,442,2,110
15,193,2,110
15,224,2,110
15,233,2,110
15,29,2,110
15,30,2,110
15,32,2,110
15,33,2,110
152,193,2,110
152,224,2,110
152,29,2,110
152,30,2,110
152,32,2,110
152,33,2,110
152,811,2,110
153,49,2,110
154,53,2,110
156,20,2,110
156,550,2,110
156,587,2,110
156,828,2,110
157,171,2,110
157,285,2,110
157,374,2,110
157,465,2,110
157,471,2,110
157,484,2,110
157,485,2,110
157,490,2,110
157,680,2,110
157,681,2,110
157,72,2,110
157,811,2,110
157,950,2,110
168,290,2,110
168,515,2,110
168,539,2,110
168,584,2,110
168,602,2,110
168,608,2,110
168,660,2,110
168,800,2,110
17,480,2,110
17,486,2,110
17,5,2,110
17,6,2,110
17,7,2,110
171,18,2,110
171,19,2,110
171,193,2,110
171,20,2,110
171,224,2,110
171,27,2,110
171,29,2,110
171,30,2,110
171,32,2,110
171,680,2,110
171,691,2,110
171,811,2,110
171,910,2,110
171,950,2,110
18,285,2,110
18,374,2,110
18,465,2,110
18,471,2,110
18,484,2,110
18,485,2,110
18,72,2,110
18,92,2,110
18,940,2,110
19,285,2,110
19,374,2,110
19,465,2,110
19,471,2,110
19,484,2,110
19,485,2,110
19,72,2,110
19,92,2,110
19,940,2,110
193,234,2,110
193,285,2,110
193,374,2,110
193,465,2,110
193,471,2,110
193,484,2,110
193,485,2,110
193,508,2,110
193,523,2,110
193,72,2,110
193,887,2,110
196,742,2,110
20,285,2,110
20,374,2,110
20,465,2,110
20,471,2,110
20,484,2,110
20,485,2,110
20,522,2,110
20,556,2,110
20,72,2,110
20,823,2,110
20,89,2,110
20,940,2,110
200,212,2,110
200,240,2,110
200,335,2,110
200,426,2,110
200,434,2,110
200,477,2,110
200,485,2,110
200,577,2,110
200,77,2,110
200,78,2,110
202,302,2,110
202,305,2,110
202,321,2,110
202,36,2,110
202,466,2,110
202,551,2,110
202,811,2,110
202,82,2,110
202,838,2,110
202,909,2,110
202,946,2,110
202,971,2,110
202,975,2,110
202,981,2,110
202,982,2,110
202,983,2,110
202,984,2,110
202,985,2,110
202,987,2,110
204,277,2,110
204,302,2,110
204,390,2,110
204,505,2,110
204,54,2,110
204,555,2,110
206,485,2,110
206,74,2,110
206,818,2,110
206,838,2,110
207,595,2,110
207,596,2,110
207,812,2,110
207,817,2,110
21,23,2,110
21,27,2,110
212,330,2,110
212,543,2,110
212,777,2,110
213,240,2,110
213,335,2,110
213,426,2,110
213,434,2,110
213,477,2,110
213,577,2,110
213,77,2,110
213,777,2,110
213,78,2,110
214,313,2,110
214,359,2,110
214,49,2,110
224,234,2,110
224,285,2,110
224,374,2,110
224,465,2,110
224,471,2,110
224,484,2,110
224,485,2,110
224,508,2,110
224,517,2,110
224,72,2,110
224,873,2,110
224,887,2,110
23,233,2,110
23,29,2,110
23,30,2,110
23,32,2,110
23,33,2,110
23,671,2,110
23,811,2,110
23,910,2,110
23,950,2,110
233,550,2,110
233,587,2,110
233,588,2,110
234,41,2,110
234,42,2,110
234,44,2,110
234,45,2,110
234,46,2,110
234,811,2,110
24,305,2,110
24,321,2,110
24,551,2,110
24,82,2,110
24,909,2,110
24,946,2,110
24,971,2,110
24,975,2,110
24,981,2,110
24,982,2,110
24,983,2,110
24,984,2,110
24,985,2,110
24,987,2,110
240,290,2,110
240,330,2,110
240,543,2,110
240,557,2,110
240,920,2,110
249,359,2,110
249,49,2,110
249,559,2,110
249,584,2,110
25,305,2,110
25,321,2,110
25,517,2,110
25,522,2,110
25,551,2,110
25,82,2,110
25,877,2,110
25,909,2,110
25,946,2,110
25,971,2,110
25,975,2,110
25,981,2,110
25,982,2,110
25,983,2,110
25,984,2,110
25,985,2,110
25,987,2,110
253,36,2,110
253,466,2,110
253,838,2,110
27,285,2,110
27,36,2,110
27,374,2,110
27,465,2,110
27,471,2,110
27,484,2,110
27,485,2,110
27,490,2,110
27,72,2,110
27,838,2,110
27,940,2,110
277,697,2,110
277,806,2,110
277,858,2,110
28,321,2,110
28,82,2,110
28,9,2,110
284,417,2,110
285,29,2,110
285,30,2,110
285,32,2,110
285,441,2,110
285,472,2,110
285,680,2,110
285,691,2,110
285,811,2,110
285,871,2,110
285,910,2,110
285,950,2,110
29,374,2,110
29,465,2,110
29,471,2,110
29,484,2,110
29,485,2,110
29,508,2,110
29,550,2,110
29,587,2,110
29,588,2,110
29,72,2,110
29,887,2,110
290,335,2,110
290,426,2,110
290,434,2,110
290,477,2,110
290,577,2,110
290,77,2,110
290,78,2,110
290,963,2,110
295,346,2,110
295,810,2,110
295,816,2,110
295,853,2,110
295,912,2,110
30,374,2,110
30,465,2,110
30,471,2,110
30,484,2,110
30,485,2,110
30,508,2,110
30,550,2,110
30,587,2,110
30,588,2,110
30,72,2,110
30,887,2,110
302,910,2,110
302,920,2,110
302,940,2,110
302,950,2,110
303,441,2,110
303,472,2,110
303,72,2,110
303,871,2,110
304,441,2,110
304,72,2,110
304,871,2,110
305,977,2,110
311,517,2,110
311,681,2,110
311,879,2,110
313,328,2,110
313,330,2,110
313,365,2,110
313,515,2,110
313,559,2,110
313,963,2,110
314,565,2,110
314,566,2,110
314,585,2,110
32,374,2,110
32,465,2,110
32,471,2,110
32,484,2,110
32,485,2,110
32,508,2,110
32,550,2,110
32,587,2,110
32,588,2,110
32,72,2,110
32,887,2,110
321,977,2,110
33,508,2,110
33,550,2,110
33,587,2,110
33,588,2,110
33,887,2,110
33,940,2,110
330,335,2,110
330,426,2,110
330,434,2,110
330,477,2,110
330,534,2,110
330,577,2,110
330,598,2,110
330,77,2,110
330,78,2,110
335,543,2,110
335,557,2,110
335,920,2,110
338,365,2,110
338,930,2,110
342,810,2,110
346,535,2,110
346,695,2,110
346,817,2,110
346,853,2,110
346,912,2,110
35,940,2,110
353,484,2,110
353,74,2,110
353,805,2,110
353,940,2,110
359,515,2,110
359,930,2,110
359,963,2,110
36,441,2,110
36,465,2,110
36,471,2,110
36,476,2,110
36,536,2,110
36,671,2,110
36,676,2,110
36,805,2,110
36,818,2,110
36,871,2,110
36,874,2,110
36,875,2,110
36,876,2,110
36,878,2,110
36,910,2,110
36,920,2,110
36,940,2,110
36,950,2,110
364,515,2,110
364,53,2,110
364,539,2,110
364,543,2,110
364,930,2,110
365,498,2,110
367,49,2,110
374,441,2,110
374,472,2,110
374,680,2,110
374,691,2,110
374,811,2,110
374,871,2,110
374,910,2,110
374,950,2,110
41,418,2,110
418,42,2,110
418,441,2,110
418,46,2,110
418,465,2,110
418,471,2,110
418,476,2,110
418,536,2,110
418,671,2,110
418,676,2,110
418,805,2,110
418,818,2,110
418,871,2,110
418,874,2,110
418,875,2,110
418,876,2,110
418,878,2,110
423,751,2,110
423,853,2,110
426,543,2,110
426,557,2,110
426,920,2,110
428,698,2,110
428,748,2,110
434,543,2,110
434,557,2,110
434,920,2,110
441,671,2,110
441,818,2,110
441,878,2,110
442,751,2,110
442,853,2,110
443,810,2,110
465,671,2,110
465,680,2,110
465,691,2,110
465,811,2,110
465,910,2,110
465,950,2,110
466,74,2,110
466,866,2,110
466,910,2,110
466,920,2,110
466,940,2,110
466,950,2,110
470,930,2,110
471,671,2,110
471,680,2,110
471,691,2,110
471,811,2,110
471,910,2,110
471,950,2,110
476,671,2,110
476,72,2,110
476,818,2,110
477,543,2,110
477,557,2,110
477,742,2,110
477,920,2,110
480,483,2,110
480,671,2,110
480,690,2,110
480,873,2,110
480,946,2,110
483,486,2,110
483,5,2,110
483,510,2,110
483,551,2,110
483,6,2,110
483,650,2,110
483,7,2,110
483,950,2,110
484,680,2,110
484,691,2,110
484,811,2,110
484,818,2,110
484,910,2,110
484,950,2,110
485,539,2,110
485,680,2,110
485,811,2,110
485,950,2,110
486,671,2,110
486,690,2,110
486,873,2,110
486,946,2,110
49,54,2,110
49,57,2,110
49,58,2,110
49,59,2,110
49,60,2,110
49,64,2,110
49,662,2,110
49,699,2,110
490,520,2,110
490,89,2,110
490,950,2,110
491,705,2,110
491,728,2,110
491,887,2,110
498,555,2,110
498,565,2,110
498,566,2,110
498,584,2,110
498,585,2,110
5,671,2,110
5,690,2,110
5,873,2,110
5,946,2,110
501,534,2,110
501,555,2,110
502,555,2,110
502,597,2,110
503,555,2,110
504,534,2,110
504,555,2,110
508,811,2,110
510,946,2,110
513,555,2,110
515,53,2,110
515,534,2,110
515,560,2,110
515,564,2,110
517,873,2,110
517,945,2,110
517,946,2,110
520,680,2,110
522,523,2,110
522,873,2,110
522,92,2,110
523,671,2,110
523,84,2,110
524,84,2,110
53,539,2,110
53,543,2,110
53,555,2,110
53,560,2,110
53,564,2,110
53,930,2,110
533,558,2,110
534,568,2,110
535,810,2,110
536,671,2,110
536,72,2,110
539,560,2,110
539,564,2,110
539,963,2,110
543,560,2,110
543,564,2,110
543,577,2,110
543,598,2,110
543,77,2,110
543,78,2,110
547,816,2,110
547,817,2,110
550,811,2,110
550,84,2,110
550,92,2,110
551,977,2,110
555,599,2,110
556,587,2,110
556,92,2,110
557,577,2,110
557,77,2,110
557,78,2,110
559,565,2,110
559,566,2,110
559,585,2,110
560,930,2,110
564,930,2,110
575,950,2,110
577,920,2,110
587,811,2,110
587,877,2,110
587,89,2,110
587,92,2,110
588,811,2,110
588,92,2,110
596,816,2,110
597,598,2,110
6,671,2,110
6,690,2,110
6,873,2,110
6,946,2,110
602,963,2,110
608,848,2,110
608,963,2,110
650,946,2,110
653,831,2,110
653,832,2,110
653,833,2,110
660,963,2,110
671,676,2,110
671,7,2,110
671,805,2,110
671,818,2,110
671,838,2,110
671,866,2,110
671,871,2,110
671,874,2,110
671,875,2,110
671,876,2,110
671,878,2,110
676,72,2,110
676,818,2,110
680,72,2,110
680,811,2,110
680,84,2,110
680,877,2,110
680,930,2,110
681,930,2,110
681,945,2,110
681,946,2,110
684,8,2,110
684,9,2,110
690,7,2,110
691,72,2,110
691,811,2,110
695,810,2,110
695,816,2,110
695,853,2,110
695,912,2,110
7,873,2,110
707,709,2,110
707,712,2,110
707,728,2,110
72,805,2,110
72,811,2,110
72,838,2,110
72,874,2,110
72,875,2,110
72,876,2,110
72,910,2,110
72,950,2,110
751,853,2,110
762,883,2,110
77,920,2,110
78,920,2,110
8,883,2,110
800,963,2,110
805,818,2,110
808,828,2,110
810,817,2,110
810,853,2,110
810,912,2,110
811,887,2,110
811,930,2,110
816,912,2,110
817,912,2,110
818,838,2,110
818,871,2,110
818,874,2,110
818,875,2,110
818,876,2,110
82,977,2,110
823,92,2,110
831,936,2,110
832,936,2,110
833,936,2,110
834,835,2,110
834,837,2,110
834,936,2,110
838,878,2,110
838,910,2,110
838,920,2,110
838,940,2,110
838,950,2,110
84,92,2,110
871,878,2,110
874,878,2,110
875,878,2,110
876,878,2,110
879,945,2,110
879,946,2,110
883,9,2,110
883,961,2,110
89,92,2,110
909,977,2,110
92,950,2,110
920,963,2,110
940,951,2,110
946,977,2,110
971,977,2,110
975,977,2,110
977,981,2,110
977,982,2,110
977,983,2,110
977,984,2,110
977,985,2,110
977,987,2,110
10,152,1,111
10,167,1,111
10,233,1,111
10,284,1,111
10,305,1,111
10,311,1,111
10,321,1,111
10,417,1,111
10,508,1,111
10,551,1,111
10,675,1,111
10,684,1,111
10,8,1,111
10,82,1,111
10,883,1,111
10,887,1,111
10,909,1,111
10,969,1,111
10,971,1,111
10,975,1,111
10,981,1,111
10,982,1,111
10,983,1,111
10,984,1,111
10,985,1,111
10,987,1,111
102,121,1,111
102,125,1,111
102,140,1,111
102,147,1,111
102,148,1,111
102,154,1,111
102,200,1,111
102,213,1,111
102,240,1,111
102,290,1,111
102,335,1,111
102,364,1,111
102,418,1,111
102,426,1,111
102,434,1,111
102,475,1,111
102,477,1,111
102,53,1,111
102,54,1,111
102,560,1,111
102,564,1,111
102,577,1,111
102,602,1,111
102,608,1,111
102,660,1,111
102,77,1,111
102,78,1,111
102,800,1,111
102,912,1,111
102,920,1,111
104,15,1,111
104,152,1,111
104,21,1,111
104,35,1,111
104,441,1,111
104,475,1,111
104,508,1,111
104,550,1,111
104,587,1,111
104,588,1,111
104,671,1,111
104,681,1,111
104,871,1,111
104,887,1,111
105,15,1,111
105,152,1,111
105,21,1,111
105,35,1,111
105,508,1,111
105,550,1,111
105,587,1,111
105,588,1,111
105,681,1,111
105,887,1,111
108,16,1,111
108,21,1,111
108,523,1,111
108,524,1,111
108,575,1,111
108,579,1,111
108,681,1,111
114,565,1,111
114,566,1,111
114,584,1,111
114,585,1,111
114,949,1,111
119,154,1,111
119,290,1,111
119,533,1,111
119,558,1,111
119,800,1,111
121,18,1,111
121,19,1,111
121,20,1,111
121,27,1,111
121,430,1,111
121,435,1,111
121,501,1,111
121,502,1,111
121,504,1,111
121,532,1,111
121,547,1,111
121,598,1,111
121,662,1,111
124,157,1,111
124,16,1,111
124,18,1,111
124,19,1,111
124,21,1,111
124,27,1,111
124,490,1,111
124,524,1,111
124,681,1,111
124,950,1,111
125,447,1,111
125,501,1,111
125,502,1,111
125,504,1,111
125,598,1,111
125,662,1,111
126,212,1,111
126,213,1,111
128,535,1,111
135,147,1,111
135,148,1,111
135,212,1,111
135,213,1,111
135,240,1,111
135,426,1,111
135,434,1,111
135,535,1,111
136,147,1,111
136,148,1,111
136,212,1,111
136,213,1,111
136,426,1,111
136,434,1,111
137,147,1,111
137,148,1,111
137,212,1,111
137,213,1,111
137,240,1,111
137,426,1,111
137,434,1,111
137,535,1,111
140,258,1,111
140,430,1,111
140,435,1,111
140,501,1,111
140,502,1,111
140,504,1,111
140,532,1,111
140,535,1,111
140,598,1,111
140,662,1,111
140,741,1,111
140,847,1,111
147,197,1,111
147,501,1,111
147,502,1,111
147,504,1,111
147,598,1,111
147,662,1,111
147,742,1,111
148,197,1,111
148,501,1,111
148,502,1,111
148,504,1,111
148,598,1,111
148,662,1,111
148,742,1,111
15,171,1,111
15,23,1,111
15,285,1,111
15,374,1,111
15,465,1,111
15,471,1,111
15,484,1,111
15,485,1,111
15,520,1,111
15,575,1,111
15,72,1,111
152,171,1,111
152,23,1,111
152,284,1,111
152,285,1,111
152,374,1,111
152,417,1,111
152,465,1,111
152,471,1,111
152,484,1,111
152,72,1,111
154,168,1,111
154,364,1,111
154,498,1,111
154,501,1,111
154,502,1,111
154,503,1,111
154,504,1,111
154,513,1,111
154,515,1,111
154,534,1,111
154,539,1,111
154,543,1,111
154,555,1,111
154,560,1,111
154,564,1,111
154,599,1,111
154,930,1,111
156,16,1,111
156,18,1,111
156,19,1,111
156,21,1,111
156,516,1,111
156,671,1,111
156,681,1,111
156,873,1,111
156,950,1,111
157,21,1,111
157,234,1,111
157,470,1,111
157,522,1,111
157,671,1,111
157,823,1,111
157,84,1,111
157,89,1,111
157,940,1,111
16,21,1,111
16,522,1,111
16,556,1,111
16,587,1,111
16,588,1,111
16,681,1,111
16,823,1,111
16,89,1,111
16,92,1,111
16,950,1,111
167,202,1,111
167,24,1,111
167,25,1,111
167,305,1,111
167,311,1,111
167,321,1,111
167,5,1,111
167,510,1,111
167,6,1,111
167,650,1,111
167,675,1,111
167,684,1,111
167,7,1,111
167,82,1,111
167,883,1,111
167,909,1,111
167,945,1,111
167,946,1,111
167,971,1,111
167,975,1,111
167,977,1,111
167,981,1,111
167,982,1,111
167,983,1,111
167,984,1,111
167,985,1,111
167,987,1,111
168,214,1,111
168,364,1,111
168,418,1,111
168,475,1,111
168,53,1,111
168,534,1,111
168,555,1,111
168,560,1,111
168,564,1,111
168,662,1,111
168,699,1,111
17,8,1,111
17,969,1,111
171,176,1,111
171,177,1,111
171,206,1,111
171,21,1,111
171,35,1,111
171,508,1,111
171,536,1,111
171,550,1,111
171,587,1,111
171,588,1,111
171,681,1,111
171,887,1,111
176,465,1,111
176,676,1,111
176,709,1,111
176,784,1,111
177,465,1,111
177,676,1,111
18,193,1,111
18,202,1,111
18,224,1,111
18,233,1,111
18,234,1,111
18,253,1,111
18,29,1,111
18,30,1,111
18,302,1,111
18,32,1,111
18,33,1,111
18,36,1,111
18,466,1,111
18,470,1,111
18,522,1,111
18,556,1,111
18,691,1,111
18,823,1,111
18,838,1,111
18,84,1,111
18,89,1,111
18,920,1,111
18,930,1,111
19,193,1,111
19,202,1,111
19,224,1,111
19,233,1,111
19,234,1,111
19,253,1,111
19,29,1,111
19,30,1,111
19,302,1,111
19,32,1,111
19,33,1,111
19,36,1,111
19,466,1,111
19,470,1,111
19,522,1,111
19,556,1,111
19,680,1,111
19,691,1,111
19,823,1,111
19,838,1,111
19,84,1,111
19,89,1,111
19,920,1,111
19,930,1,111
193,20,1,111
193,21,1,111
193,470,1,111
193,940,1,111
196,258,1,111
196,741,1,111
196,847,1,111
197,212,1,111
197,213,1,111
197,240,1,111
197,426,1,111
197,434,1,111
197,535,1,111
20,202,1,111
20,224,1,111
20,233,1,111
20,234,1,111
20,253,1,111
20,29,1,111
20,30,1,111
20,302,1,111
20,32,1,111
20,33,1,111
20,36,1,111
20,466,1,111
20,470,1,111
20,691,1,111
20,838,1,111
20,920,1,111
20,930,1,111
200,417,1,111
200,430,1,111
200,435,1,111
200,501,1,111
200,502,1,111
200,504,1,111
200,532,1,111
200,598,1,111
200,662,1,111
202,27,1,111
202,35,1,111
202,481,1,111
202,675,1,111
202,684,1,111
202,8,1,111
202,828,1,111
202,883,1,111
202,951,1,111
204,290,1,111
204,533,1,111
204,558,1,111
204,570,1,111
204,602,1,111
204,608,1,111
204,660,1,111
204,800,1,111
204,828,1,111
206,36,1,111
206,418,1,111
206,466,1,111
206,671,1,111
206,828,1,111
207,557,1,111
207,558,1,111
207,559,1,111
207,598,1,111
207,619,1,111
207,750,1,111
207,757,1,111
207,850,1,111
207,920,1,111
21,224,1,111
21,233,1,111
21,285,1,111
21,29,1,111
21,30,1,111
21,32,1,111
21,33,1,111
21,374,1,111
21,465,1,111
21,471,1,111
21,484,1,111
21,485,1,111
21,490,1,111
21,522,1,111
21,556,1,111
21,72,1,111
21,823,1,111
21,84,1,111
21,89,1,111
21,92,1,111
21,920,1,111
21,930,1,111
21,940,1,111
212,222,1,111
212,258,1,111
212,313,1,111
212,326,1,111
212,361,1,111
212,487,1,111
212,741,1,111
212,742,1,111
212,847,1,111
212,853,1,111
212,920,1,111
213,222,1,111
213,258,1,111
213,326,1,111
213,361,1,111
213,487,1,111
213,501,1,111
213,502,1,111
213,504,1,111
213,598,1,111
213,662,1,111
213,741,1,111
213,742,1,111
213,847,1,111
213,853,1,111
221,322,1,111
221,327,1,111
224,470,1,111
224,940,1,111
23,35,1,111
23,508,1,111
23,681,1,111
23,887,1,111
23,930,1,111
23,951,1,111
232,808,1,111
232,828,1,111
233,27,1,111
233,284,1,111
234,302,1,111
234,34,1,111
234,39,1,111
234,417,1,111
234,838,1,111
234,951,1,111
24,481,1,111
24,675,1,111
24,684,1,111
24,8,1,111
24,811,1,111
24,883,1,111
24,950,1,111
240,501,1,111
240,502,1,111
240,504,1,111
240,598,1,111
240,662,1,111
240,742,1,111
247,547,1,111
249,338,1,111
25,481,1,111
25,675,1,111
25,684,1,111
25,8,1,111
25,811,1,111
25,883,1,111
25,950,1,111
253,27,1,111
253,912,1,111
253,963,1,111
258,577,1,111
258,77,1,111
258,78,1,111
259,338,1,111
27,29,1,111
27,30,1,111
27,302,1,111
27,32,1,111
27,33,1,111
27,466,1,111
27,516,1,111
27,522,1,111
27,671,1,111
27,823,1,111
27,84,1,111
27,873,1,111
27,89,1,111
27,920,1,111
27,930,1,111
277,602,1,111
277,608,1,111
277,660,1,111
28,762,1,111
28,8,1,111
284,466,1,111
284,475,1,111
284,508,1,111
284,876,1,111
284,887,1,111
285,35,1,111
285,475,1,111
285,508,1,111
285,550,1,111
285,587,1,111
285,588,1,111
285,671,1,111
285,681,1,111
285,74,1,111
285,838,1,111
285,887,1,111
29,940,1,111
290,430,1,111
290,435,1,111
290,501,1,111
290,502,1,111
290,504,1,111
290,532,1,111
290,533,1,111
290,558,1,111
290,598,1,111
290,662,1,111
295,535,1,111
30,940,1,111
302,602,1,111
302,608,1,111
302,660,1,111
302,697,1,111
302,806,1,111
302,858,1,111
303,485,1,111
303,74,1,111
303,838,1,111
303,866,1,111
304,485,1,111
304,74,1,111
304,838,1,111
304,869,1,111
305,480,1,111
305,483,1,111
305,675,1,111
305,684,1,111
305,883,1,111
305,945,1,111
305,946,1,111
311,483,1,111
311,675,1,111
311,684,1,111
311,883,1,111
311,950,1,111
313,565,1,111
313,566,1,111
313,584,1,111
313,585,1,111
313,930,1,111
315,365,1,111
315,515,1,111
316,365,1,111
316,515,1,111
317,449,1,111
32,940,1,111
321,480,1,111
321,483,1,111
321,684,1,111
321,883,1,111
321,945,1,111
321,946,1,111
326,447,1,111
329,447,1,111
329,817,1,111
330,430,1,111
330,435,1,111
330,532,1,111
330,557,1,111
335,501,1,111
335,502,1,111
335,504,1,111
335,598,1,111
335,662,1,111
338,565,1,111
338,566,1,111
338,584,1,111
338,585,1,111
338,59,1,111
34,811,1,111
344,547,1,111
346,428,1,111
346,595,1,111
346,596,1,111
346,602,1,111
346,608,1,111
346,660,1,111
346,800,1,111
346,820,1,111
346,827,1,111
346,920,1,111
35,374,1,111
35,465,1,111
35,471,1,111
35,484,1,111
35,485,1,111
35,72,1,111
35,910,1,111
35,920,1,111
35,950,1,111
359,557,1,111
359,559,1,111
36,472,1,111
36,485,1,111
364,418,1,111
364,475,1,111
364,498,1,111
364,501,1,111
364,502,1,111
364,503,1,111
364,504,1,111
364,513,1,111
364,534,1,111
364,599,1,111
374,475,1,111
374,508,1,111
374,550,1,111
374,587,1,111
374,588,1,111
374,671,1,111
374,681,1,111
374,74,1,111
374,838,1,111
374,869,1,111
374,887,1,111
39,811,1,111
390,533,1,111
390,558,1,111
390,800,1,111
41,811,1,111
41,951,1,111
417,466,1,111
417,508,1,111
417,515,1,111
417,539,1,111
417,887,1,111
418,472,1,111
418,485,1,111
418,498,1,111
418,501,1,111
418,502,1,111
418,503,1,111
418,504,1,111
418,513,1,111
418,515,1,111
418,53,1,111
418,534,1,111
418,539,1,111
418,543,1,111
418,555,1,111
418,560,1,111
418,564,1,111
418,599,1,111
418,930,1,111
42,811,1,111
42,951,1,111
426,501,1,111
426,502,1,111
426,504,1,111
426,598,1,111
426,662,1,111
426,742,1,111
428,810,1,111
428,816,1,111
430,543,1,111
430,577,1,111
430,77,1,111
430,777,1,111
430,78,1,111
434,501,1,111
434,502,1,111
434,504,1,111
434,598,1,111
434,662,1,111
434,742,1,111
435,543,1,111
435,577,1,111
435,77,1,111
435,777,1,111
435,78,1,111
44,811,1,111
44,951,1,111
441,465,1,111
441,466,1,111
441,470,1,111
441,471,1,111
441,485,1,111
441,490,1,111
441,515,1,111
441,940,1,111
447,529,1,111
447,535,1,111
447,602,1,111
447,608,1,111
447,660,1,111
447,800,1,111
447,853,1,111
447,912,1,111
447,920,1,111
45,811,1,111
45,951,1,111
46,811,1,111
46,951,1,111
465,466,1,111
465,508,1,111
465,550,1,111
465,587,1,111
465,588,1,111
465,681,1,111
465,838,1,111
465,871,1,111
465,874,1,111
465,875,1,111
465,876,1,111
465,887,1,111
466,471,1,111
466,476,1,111
466,485,1,111
466,536,1,111
466,671,1,111
466,676,1,111
466,805,1,111
466,818,1,111
466,871,1,111
466,874,1,111
466,875,1,111
466,876,1,111
466,878,1,111
470,671,1,111
470,811,1,111
470,871,1,111
471,508,1,111
471,550,1,111
471,587,1,111
471,588,1,111
471,681,1,111
471,838,1,111
471,871,1,111
471,874,1,111
471,875,1,111
471,876,1,111
471,887,1,111
472,485,1,111
472,671,1,111
472,869,1,111
475,498,1,111
475,501,1,111
475,502,1,111
475,503,1,111
475,504,1,111
475,513,1,111
475,515,1,111
475,53,1,111
475,534,1,111
475,539,1,111
475,543,1,111
475,555,1,111
475,560,1,111
475,564,1,111
475,599,1,111
475,866,1,111
475,869,1,111
475,874,1,111
475,875,1,111
475,930,1,111
476,485,1,111
477,501,1,111
477,502,1,111
477,504,1,111
477,598,1,111
477,662,1,111
480,675,1,111
480,684,1,111
480,82,1,111
480,883,1,111
480,909,1,111
480,971,1,111
480,975,1,111
480,981,1,111
480,982,1,111
480,983,1,111
480,984,1,111
480,985,1,111
480,987,1,111
481,811,1,111
481,945,1,111
481,946,1,111
481,977,1,111
483,8,1,111
483,811,1,111
483,82,1,111
483,909,1,111
483,945,1,111
483,946,1,111
483,969,1,111
483,971,1,111
483,975,1,111
483,981,1,111
483,982,1,111
483,983,1,111
483,984,1,111
483,985,1,111
483,987,1,111
484,508,1,111
484,550,1,111
484,587,1,111
484,588,1,111
484,681,1,111
484,887,1,111
485,536,1,111
485,550,1,111
485,587,1,111
485,588,1,111
485,610,1,111
485,671,1,111
485,676,1,111
485,681,1,111
485,805,1,111
485,823,1,111
485,828,1,111
485,838,1,111
485,871,1,111
485,874,1,111
485,875,1,111
485,876,1,111
485,877,1,111
485,879,1,111
485,891,1,111
49,681,1,111
49,811,1,111
49,940,1,111
490,522,1,111
490,550,1,111
490,556,1,111
490,587,1,111
490,588,1,111
490,671,1,111
490,681,1,111
490,691,1,111
490,823,1,111
490,84,1,111
490,871,1,111
491,808,1,111
498,53,1,111
498,54,1,111
498,560,1,111
498,564,1,111
5,675,1,111
5,684,1,111
5,883,1,111
501,53,1,111
501,54,1,111
501,560,1,111
501,564,1,111
501,577,1,111
501,602,1,111
501,608,1,111
501,660,1,111
501,77,1,111
501,78,1,111
501,800,1,111
501,912,1,111
501,920,1,111
502,53,1,111
502,54,1,111
502,560,1,111
502,564,1,111
502,577,1,111
502,602,1,111
502,608,1,111
502,660,1,111
502,77,1,111
502,78,1,111
502,800,1,111
502,912,1,111
502,920,1,111
503,53,1,111
503,534,1,111
503,54,1,111
503,557,1,111
503,560,1,111
503,564,1,111
503,598,1,111
504,53,1,111
504,54,1,111
504,560,1,111
504,564,1,111
504,577,1,111
504,602,1,111
504,608,1,111
504,660,1,111
504,77,1,111
504,78,1,111
504,800,1,111
504,912,1,111
504,920,1,111
505,602,1,111
505,608,1,111
505,660,1,111
505,697,1,111
505,806,1,111
505,858,1,111
508,72,1,111
510,675,1,111
510,684,1,111
510,883,1,111
510,969,1,111
513,53,1,111
513,534,1,111
513,54,1,111
513,557,1,111
513,560,1,111
513,564,1,111
513,598,1,111
515,671,1,111
515,869,1,111
515,871,1,111
516,556,1,111
517,520,1,111
517,84,1,111
520,587,1,111
520,681,1,111
520,811,1,111
520,950,1,111
522,681,1,111
522,950,1,111
523,92,1,111
523,950,1,111
524,587,1,111
524,92,1,111
524,950,1,111
529,817,1,111
53,534,1,111
53,599,1,111
532,543,1,111
532,577,1,111
532,77,1,111
532,777,1,111
532,78,1,111
533,800,1,111
534,539,1,111
534,555,1,111
534,557,1,111
534,560,1,111
534,564,1,111
534,662,1,111
534,930,1,111
535,577,1,111
535,695,1,111
535,742,1,111
535,77,1,111
535,78,1,111
535,816,1,111
535,817,1,111
536,869,1,111
539,556,1,111
54,599,1,111
54,602,1,111
54,608,1,111
54,660,1,111
54,697,1,111
54,806,1,111
54,858,1,111
543,557,1,111
547,821,1,111
550,72,1,111
551,675,1,111
551,684,1,111
551,811,1,111
551,883,1,111
555,602,1,111
555,608,1,111
555,660,1,111
555,697,1,111
555,806,1,111
555,858,1,111
556,681,1,111
556,873,1,111
556,950,1,111
557,599,1,111
557,699,1,111
558,800,1,111
559,597,1,111
559,599,1,111
559,699,1,111
560,599,1,111
564,599,1,111
565,949,1,111
565,966,1,111
566,949,1,111
566,966,1,111
575,681,1,111
575,811,1,111
575,84,1,111
575,92,1,111
577,598,1,111
577,662,1,111
577,741,1,111
577,847,1,111
579,92,1,111
579,950,1,111
584,949,1,111
584,966,1,111
585,949,1,111
585,966,1,111
587,72,1,111
588,671,1,111
588,72,1,111
595,810,1,111
595,853,1,111
596,810,1,111
596,853,1,111
596,912,1,111
597,662,1,111
598,602,1,111
598,608,1,111
598,660,1,111
598,77,1,111
598,78,1,111
598,800,1,111
598,912,1,111
598,920,1,111
6,675,1,111
6,684,1,111
6,883,1,111
602,662,1,111
602,697,1,111
602,806,1,111
602,810,1,111
602,816,1,111
602,858,1,111
608,662,1,111
608,697,1,111
608,806,1,111
608,810,1,111
608,816,1,111
608,858,1,111
610,650,1,111
650,675,1,111
650,684,1,111
650,883,1,111
650,92,1,111
650,969,1,111
660,662,1,111
660,664,1,111
660,665,1,111
660,697,1,111
660,744,1,111
660,750,1,111
660,806,1,111
660,810,1,111
660,816,1,111
660,858,1,111
661,664,1,111
661,665,1,111
661,750,1,111
662,77,1,111
662,78,1,111
662,800,1,111
662,912,1,111
662,920,1,111
664,665,1,111
664,666,1,111
664,750,1,111
665,666,1,111
666,750,1,111
671,72,1,111
671,8,1,111
671,940,1,111
671,969,1,111
675,684,1,111
675,7,1,111
675,82,1,111
675,883,1,111
675,909,1,111
675,945,1,111
675,946,1,111
675,971,1,111
675,977,1,111
675,981,1,111
675,982,1,111
675,984,1,111
680,951,1,111
681,72,1,111
681,823,1,111
681,84,1,111
681,89,1,111
681,92,1,111
684,7,1,111
684,945,1,111
684,946,1,111
684,971,1,111
684,977,1,111
690,8,1,111
690,969,1,111
692,709,1,111
692,712,1,111
695,698,1,111
695,748,1,111
695,848,1,111
697,719,1,111
697,828,1,111
698,826,1,111
698,827,1,111
7,883,1,111
719,806,1,111
72,74,1,111
72,866,1,111
72,887,1,111
741,77,1,111
741,78,1,111
744,752,1,111
745,750,1,111
748,826,1,111
748,827,1,111
751,817,1,111
760,762,1,111
761,762,1,111
762,906,1,111
77,847,1,111
78,847,1,111
8,873,1,111
8,969,1,111
8,977,1,111
800,810,1,111
800,816,1,111
806,828,1,111
810,820,1,111
810,827,1,111
810,920,1,111
811,920,1,111
811,977,1,111
816,820,1,111
816,827,1,111
816,920,1,111
82,945,1,111
82,946,1,111
823,950,1,111
827,848,1,111
828,858,1,111
84,950,1,111
869,874,1,111
869,876,1,111
869,878,1,111
871,940,1,111
873,969,1,111
883,909,1,111
883,945,1,111
883,946,1,111
883,971,1,111
883,977,1,111
89,950,1,111
909,945,1,111
909,946,1,111
910,951,1,111
945,971,1,111
945,975,1,111
945,981,1,111
945,982,1,111
945,983,1,111
945,984,1,111
945,985,1,111
945,987,1,111
946,971,1,111
946,975,1,111
946,981,1,111
946,982,1,111
946,983,1,111
946,984,1,111
946,985,1,111
946,987,1,111
950,951,1,111
950,977,1,111
